timestamp,metric,value
2026-01-01T00:00:00,cpu_usage,74.33
2026-01-01T00:00:00,request_latency_ms,263.22
2026-01-01T01:00:00,cpu_usage,58.29
2026-01-01T01:00:00,request_latency_ms,187.38
2026-01-01T02:00:00,cpu_usage,60.41
2026-01-01T02:00:00,request_latency_ms,180.91
2026-01-01T03:00:00,cpu_usage,57.96
2026-01-01T03:00:00,request_latency_ms,189.22
2026-01-01T04:00:00,cpu_usage,59.04
2026-01-01T04:00:00,request_latency_ms,190.62
2026-01-01T05:00:00,cpu_usage,58.75
2026-01-01T05:00:00,request_latency_ms,199.89
2026-01-01T06:00:00,cpu_usage,55.35
2026-01-01T06:00:00,request_latency_ms,196.24
2026-01-01T07:00:00,cpu_usage,55.99
2026-01-01T07:00:00,request_latency_ms,182.80
2026-01-01T08:00:00,cpu_usage,58.13
2026-01-01T08:00:00,request_latency_ms,199.29
2026-01-01T09:00:00,cpu_usage,57.33
2026-01-01T09:00:00,request_latency_ms,186.56
2026-01-01T10:00:00,cpu_usage,60.34
2026-01-01T10:00:00,request_latency_ms,184.57
2026-01-01T11:00:00,cpu_usage,55.94
2026-01-01T11:00:00,request_latency_ms,193.27
2026-01-01T12:00:00,cpu_usage,56.25
2026-01-01T12:00:00,request_latency_ms,197.43
2026-01-01T13:00:00,cpu_usage,55.78
2026-01-01T13:00:00,request_latency_ms,188.75
2026-01-01T14:00:00,cpu_usage,56.54
2026-01-01T14:00:00,request_latency_ms,183.61
2026-01-01T15:00:00,cpu_usage,58.61
2026-01-01T15:00:00,request_latency_ms,191.30
2026-01-01T16:00:00,cpu_usage,55.71
2026-01-01T16:00:00,request_latency_ms,184.75
2026-01-01T17:00:00,cpu_usage,59.94
2026-01-01T17:00:00,request_latency_ms,184.52
2026-01-01T18:00:00,cpu_usage,61.85
2026-01-01T18:00:00,request_latency_ms,186.93
2026-01-01T19:00:00,cpu_usage,57.55
2026-01-01T19:00:00,request_latency_ms,190.59
2026-01-01T20:00:00,cpu_usage,62.10
2026-01-01T20:00:00,request_latency_ms,194.77
2026-01-01T21:00:00,cpu_usage,61.04
2026-01-01T21:00:00,request_latency_ms,197.58
2026-01-01T22:00:00,cpu_usage,62.75
2026-01-01T22:00:00,request_latency_ms,188.60
2026-01-01T23:00:00,cpu_usage,55.95
2026-01-01T23:00:00,request_latency_ms,186.39
2026-01-02T00:00:00,cpu_usage,62.08
2026-01-02T00:00:00,request_latency_ms,191.99
2026-01-02T01:00:00,cpu_usage,58.94
2026-01-02T01:00:00,request_latency_ms,196.46
2026-01-02T02:00:00,cpu_usage,56.05
2026-01-02T02:00:00,request_latency_ms,189.85
2026-01-02T03:00:00,cpu_usage,62.43
2026-01-02T03:00:00,request_latency_ms,190.40
2026-01-02T04:00:00,cpu_usage,55.56
2026-01-02T04:00:00,request_latency_ms,195.03
2026-01-02T05:00:00,cpu_usage,61.71
2026-01-02T05:00:00,request_latency_ms,188.01
2026-01-02T06:00:00,cpu_usage,62.38
2026-01-02T06:00:00,request_latency_ms,191.27
2026-01-02T07:00:00,cpu_usage,58.91
2026-01-02T07:00:00,request_latency_ms,190.45
2026-01-02T08:00:00,cpu_usage,56.99
2026-01-02T08:00:00,request_latency_ms,199.97
2026-01-02T09:00:00,cpu_usage,60.97
2026-01-02T09:00:00,request_latency_ms,192.34
2026-01-02T10:00:00,cpu_usage,55.17
2026-01-02T10:00:00,request_latency_ms,196.92
2026-01-02T11:00:00,cpu_usage,61.00
2026-01-02T11:00:00,request_latency_ms,196.26
2026-01-02T12:00:00,cpu_usage,57.10
2026-01-02T12:00:00,request_latency_ms,190.14
2026-01-02T13:00:00,cpu_usage,59.24
2026-01-02T13:00:00,request_latency_ms,189.22
2026-01-02T14:00:00,cpu_usage,56.19
2026-01-02T14:00:00,request_latency_ms,191.36
2026-01-02T15:00:00,cpu_usage,58.89
2026-01-02T15:00:00,request_latency_ms,192.06
2026-01-02T16:00:00,cpu_usage,57.76
2026-01-02T16:00:00,request_latency_ms,191.31
2026-01-02T17:00:00,cpu_usage,61.96
2026-01-02T17:00:00,request_latency_ms,186.28
2026-01-02T18:00:00,cpu_usage,56.49
2026-01-02T18:00:00,request_latency_ms,185.63
2026-01-02T19:00:00,cpu_usage,56.92
2026-01-02T19:00:00,request_latency_ms,197.47
2026-01-02T20:00:00,cpu_usage,57.33
2026-01-02T20:00:00,request_latency_ms,191.27
2026-01-02T21:00:00,cpu_usage,61.21
2026-01-02T21:00:00,request_latency_ms,197.75
2026-01-02T22:00:00,cpu_usage,61.47
2026-01-02T22:00:00,request_latency_ms,195.13
2026-01-02T23:00:00,cpu_usage,62.00
2026-01-02T23:00:00,request_latency_ms,185.58
2026-01-03T00:00:00,cpu_usage,60.55
2026-01-03T00:00:00,request_latency_ms,193.06
2026-01-03T01:00:00,cpu_usage,57.07
2026-01-03T01:00:00,request_latency_ms,199.73
2026-01-03T02:00:00,cpu_usage,58.22
2026-01-03T02:00:00,request_latency_ms,199.04
2026-01-03T03:00:00,cpu_usage,61.27
2026-01-03T03:00:00,request_latency_ms,191.72
2026-01-03T04:00:00,cpu_usage,58.43
2026-01-03T04:00:00,request_latency_ms,184.36
2026-01-03T05:00:00,cpu_usage,55.04
2026-01-03T05:00:00,request_latency_ms,197.83
2026-01-03T06:00:00,cpu_usage,59.22
2026-01-03T06:00:00,request_latency_ms,194.24
2026-01-03T07:00:00,cpu_usage,61.23
2026-01-03T07:00:00,request_latency_ms,194.98
2026-01-03T08:00:00,cpu_usage,62.74
2026-01-03T08:00:00,request_latency_ms,197.93
2026-01-03T09:00:00,cpu_usage,59.02
2026-01-03T09:00:00,request_latency_ms,183.51
2026-01-03T10:00:00,cpu_usage,59.37
2026-01-03T10:00:00,request_latency_ms,187.54
2026-01-03T11:00:00,cpu_usage,55.92
2026-01-03T11:00:00,request_latency_ms,188.27
2026-01-03T12:00:00,cpu_usage,57.39
2026-01-03T12:00:00,request_latency_ms,189.53
2026-01-03T13:00:00,cpu_usage,60.45
2026-01-03T13:00:00,request_latency_ms,185.70
2026-01-03T14:00:00,cpu_usage,60.23
2026-01-03T14:00:00,request_latency_ms,193.20
2026-01-03T15:00:00,cpu_usage,60.06
2026-01-03T15:00:00,request_latency_ms,196.89
2026-01-03T16:00:00,cpu_usage,61.55
2026-01-03T16:00:00,request_latency_ms,186.70
2026-01-03T17:00:00,cpu_usage,56.01
2026-01-03T17:00:00,request_latency_ms,181.11
2026-01-03T18:00:00,cpu_usage,58.76
2026-01-03T18:00:00,request_latency_ms,198.74
2026-01-03T19:00:00,cpu_usage,57.30
2026-01-03T19:00:00,request_latency_ms,186.97
2026-01-03T20:00:00,cpu_usage,58.32
2026-01-03T20:00:00,request_latency_ms,182.52
2026-01-03T21:00:00,cpu_usage,58.88
2026-01-03T21:00:00,request_latency_ms,182.92
2026-01-03T22:00:00,cpu_usage,59.95
2026-01-03T22:00:00,request_latency_ms,189.63
2026-01-03T23:00:00,cpu_usage,55.39
2026-01-03T23:00:00,request_latency_ms,181.98
2026-01-04T00:00:00,cpu_usage,59.32
2026-01-04T00:00:00,request_latency_ms,196.79
2026-01-04T01:00:00,cpu_usage,57.15
2026-01-04T01:00:00,request_latency_ms,197.63
2026-01-04T02:00:00,cpu_usage,55.82
2026-01-04T02:00:00,request_latency_ms,186.24
2026-01-04T03:00:00,cpu_usage,56.17
2026-01-04T03:00:00,request_latency_ms,199.82
2026-01-04T04:00:00,cpu_usage,57.28
2026-01-04T04:00:00,request_latency_ms,192.40
2026-01-04T05:00:00,cpu_usage,56.77
2026-01-04T05:00:00,request_latency_ms,185.75
2026-01-04T06:00:00,cpu_usage,58.15
2026-01-04T06:00:00,request_latency_ms,195.79
2026-01-04T07:00:00,cpu_usage,62.62
2026-01-04T07:00:00,request_latency_ms,182.63
2026-01-04T08:00:00,cpu_usage,58.48
2026-01-04T08:00:00,request_latency_ms,193.43
2026-01-04T09:00:00,cpu_usage,60.49
2026-01-04T09:00:00,request_latency_ms,184.07
2026-01-04T10:00:00,cpu_usage,62.79
2026-01-04T10:00:00,request_latency_ms,187.12
2026-01-04T11:00:00,cpu_usage,61.42
2026-01-04T11:00:00,request_latency_ms,191.25
2026-01-04T12:00:00,cpu_usage,55.88
2026-01-04T12:00:00,request_latency_ms,187.71
2026-01-04T13:00:00,cpu_usage,62.89
2026-01-04T13:00:00,request_latency_ms,191.65
2026-01-04T14:00:00,cpu_usage,57.21
2026-01-04T14:00:00,request_latency_ms,188.77
2026-01-04T15:00:00,cpu_usage,57.42
2026-01-04T15:00:00,request_latency_ms,196.33
2026-01-04T16:00:00,cpu_usage,57.59
2026-01-04T16:00:00,request_latency_ms,196.48
2026-01-04T17:00:00,cpu_usage,57.15
2026-01-04T17:00:00,request_latency_ms,181.09
2026-01-04T18:00:00,cpu_usage,59.68
2026-01-04T18:00:00,request_latency_ms,188.01
2026-01-04T19:00:00,cpu_usage,59.86
2026-01-04T19:00:00,request_latency_ms,190.56
2026-01-04T20:00:00,cpu_usage,55.07
2026-01-04T20:00:00,request_latency_ms,195.64
2026-01-04T21:00:00,cpu_usage,60.41
2026-01-04T21:00:00,request_latency_ms,198.00
2026-01-04T22:00:00,cpu_usage,55.02
2026-01-04T22:00:00,request_latency_ms,190.39
2026-01-04T23:00:00,cpu_usage,60.41
2026-01-04T23:00:00,request_latency_ms,186.19
2026-01-05T00:00:00,cpu_usage,56.26
2026-01-05T00:00:00,request_latency_ms,191.93
2026-01-05T01:00:00,cpu_usage,60.08
2026-01-05T01:00:00,request_latency_ms,181.68
2026-01-05T02:00:00,cpu_usage,62.33
2026-01-05T02:00:00,request_latency_ms,187.15
2026-01-05T03:00:00,cpu_usage,56.45
2026-01-05T03:00:00,request_latency_ms,194.67
2026-01-05T04:00:00,cpu_usage,59.17
2026-01-05T04:00:00,request_latency_ms,196.29
2026-01-05T05:00:00,cpu_usage,56.45
2026-01-05T05:00:00,request_latency_ms,188.47
2026-01-05T06:00:00,cpu_usage,58.37
2026-01-05T06:00:00,request_latency_ms,197.35
2026-01-05T07:00:00,cpu_usage,60.71
2026-01-05T07:00:00,request_latency_ms,190.03
2026-01-05T08:00:00,cpu_usage,62.69
2026-01-05T08:00:00,request_latency_ms,187.17
2026-01-05T09:00:00,cpu_usage,56.58
2026-01-05T09:00:00,request_latency_ms,194.84
2026-01-05T10:00:00,cpu_usage,61.09
2026-01-05T10:00:00,request_latency_ms,197.75
2026-01-05T11:00:00,cpu_usage,55.38
2026-01-05T11:00:00,request_latency_ms,191.93
2026-01-05T12:00:00,cpu_usage,62.42
2026-01-05T12:00:00,request_latency_ms,193.97
2026-01-05T13:00:00,cpu_usage,60.55
2026-01-05T13:00:00,request_latency_ms,194.89
2026-01-05T14:00:00,cpu_usage,56.79
2026-01-05T14:00:00,request_latency_ms,199.02
2026-01-05T15:00:00,cpu_usage,55.83
2026-01-05T15:00:00,request_latency_ms,181.37
2026-01-05T16:00:00,cpu_usage,61.67
2026-01-05T16:00:00,request_latency_ms,194.67
2026-01-05T17:00:00,cpu_usage,55.76
2026-01-05T17:00:00,request_latency_ms,189.99
2026-01-05T18:00:00,cpu_usage,58.29
2026-01-05T18:00:00,request_latency_ms,198.66
2026-01-05T19:00:00,cpu_usage,61.82
2026-01-05T19:00:00,request_latency_ms,194.33
2026-01-05T20:00:00,cpu_usage,56.11
2026-01-05T20:00:00,request_latency_ms,185.37
2026-01-05T21:00:00,cpu_usage,57.07
2026-01-05T21:00:00,request_latency_ms,182.82
2026-01-05T22:00:00,cpu_usage,61.64
2026-01-05T22:00:00,request_latency_ms,184.92
2026-01-05T23:00:00,cpu_usage,55.59
2026-01-05T23:00:00,request_latency_ms,184.59
2026-01-06T00:00:00,cpu_usage,60.90
2026-01-06T00:00:00,request_latency_ms,186.22
2026-01-06T01:00:00,cpu_usage,59.64
2026-01-06T01:00:00,request_latency_ms,197.42
2026-01-06T02:00:00,cpu_usage,56.98
2026-01-06T02:00:00,request_latency_ms,188.05
2026-01-06T03:00:00,cpu_usage,62.05
2026-01-06T03:00:00,request_latency_ms,189.13
2026-01-06T04:00:00,cpu_usage,62.85
2026-01-06T04:00:00,request_latency_ms,193.52
2026-01-06T05:00:00,cpu_usage,58.99
2026-01-06T05:00:00,request_latency_ms,198.85
2026-01-06T06:00:00,cpu_usage,59.16
2026-01-06T06:00:00,request_latency_ms,193.42
2026-01-06T07:00:00,cpu_usage,57.43
2026-01-06T07:00:00,request_latency_ms,188.63
2026-01-06T08:00:00,cpu_usage,60.74
2026-01-06T08:00:00,request_latency_ms,197.96
2026-01-06T09:00:00,cpu_usage,55.04
2026-01-06T09:00:00,request_latency_ms,193.82
2026-01-06T10:00:00,cpu_usage,58.76
2026-01-06T10:00:00,request_latency_ms,192.76
2026-01-06T11:00:00,cpu_usage,55.11
2026-01-06T11:00:00,request_latency_ms,182.10
2026-01-06T12:00:00,cpu_usage,62.82
2026-01-06T12:00:00,request_latency_ms,189.88
2026-01-06T13:00:00,cpu_usage,56.87
2026-01-06T13:00:00,request_latency_ms,197.67
2026-01-06T14:00:00,cpu_usage,59.02
2026-01-06T14:00:00,request_latency_ms,199.84
2026-01-06T15:00:00,cpu_usage,56.15
2026-01-06T15:00:00,request_latency_ms,181.89
2026-01-06T16:00:00,cpu_usage,58.42
2026-01-06T16:00:00,request_latency_ms,198.14
2026-01-06T17:00:00,cpu_usage,56.35
2026-01-06T17:00:00,request_latency_ms,197.74
2026-01-06T18:00:00,cpu_usage,55.59
2026-01-06T18:00:00,request_latency_ms,194.01
2026-01-06T19:00:00,cpu_usage,57.39
2026-01-06T19:00:00,request_latency_ms,188.75
2026-01-06T20:00:00,cpu_usage,56.03
2026-01-06T20:00:00,request_latency_ms,186.42
2026-01-06T21:00:00,cpu_usage,60.26
2026-01-06T21:00:00,request_latency_ms,183.38
2026-01-06T22:00:00,cpu_usage,60.60
2026-01-06T22:00:00,request_latency_ms,184.30
2026-01-06T23:00:00,cpu_usage,55.93
2026-01-06T23:00:00,request_latency_ms,184.12
2026-01-07T00:00:00,cpu_usage,58.99
2026-01-07T00:00:00,request_latency_ms,182.86
2026-01-07T01:00:00,cpu_usage,60.32
2026-01-07T01:00:00,request_latency_ms,196.43
2026-01-07T02:00:00,cpu_usage,58.25
2026-01-07T02:00:00,request_latency_ms,187.74
2026-01-07T03:00:00,cpu_usage,59.08
2026-01-07T03:00:00,request_latency_ms,184.41
2026-01-07T04:00:00,cpu_usage,58.46
2026-01-07T04:00:00,request_latency_ms,186.75
2026-01-07T05:00:00,cpu_usage,58.82
2026-01-07T05:00:00,request_latency_ms,190.59
2026-01-07T06:00:00,cpu_usage,61.72
2026-01-07T06:00:00,request_latency_ms,195.74
2026-01-07T07:00:00,cpu_usage,57.57
2026-01-07T07:00:00,request_latency_ms,182.54
2026-01-07T08:00:00,cpu_usage,58.22
2026-01-07T08:00:00,request_latency_ms,199.58
2026-01-07T09:00:00,cpu_usage,58.09
2026-01-07T09:00:00,request_latency_ms,186.18
2026-01-07T10:00:00,cpu_usage,62.19
2026-01-07T10:00:00,request_latency_ms,185.64
2026-01-07T11:00:00,cpu_usage,58.23
2026-01-07T11:00:00,request_latency_ms,189.05
2026-01-07T12:00:00,cpu_usage,55.86
2026-01-07T12:00:00,request_latency_ms,189.92
2026-01-07T13:00:00,cpu_usage,60.38
2026-01-07T13:00:00,request_latency_ms,189.48
2026-01-07T14:00:00,cpu_usage,61.54
2026-01-07T14:00:00,request_latency_ms,190.14
2026-01-07T15:00:00,cpu_usage,57.35
2026-01-07T15:00:00,request_latency_ms,183.77
2026-01-07T16:00:00,cpu_usage,59.48
2026-01-07T16:00:00,request_latency_ms,198.07
2026-01-07T17:00:00,cpu_usage,58.05
2026-01-07T17:00:00,request_latency_ms,181.13
2026-01-07T18:00:00,cpu_usage,59.22
2026-01-07T18:00:00,request_latency_ms,195.58
2026-01-07T19:00:00,cpu_usage,61.84
2026-01-07T19:00:00,request_latency_ms,196.96
2026-01-07T20:00:00,cpu_usage,60.79
2026-01-07T20:00:00,request_latency_ms,184.59
2026-01-07T21:00:00,cpu_usage,60.61
2026-01-07T21:00:00,request_latency_ms,180.83
2026-01-07T22:00:00,cpu_usage,57.10
2026-01-07T22:00:00,request_latency_ms,192.39
2026-01-07T23:00:00,cpu_usage,59.92
2026-01-07T23:00:00,request_latency_ms,190.08
2026-01-08T00:00:00,cpu_usage,56.92
2026-01-08T00:00:00,request_latency_ms,185.00
2026-01-08T01:00:00,cpu_usage,57.70
2026-01-08T01:00:00,request_latency_ms,190.78
2026-01-08T02:00:00,cpu_usage,57.04
2026-01-08T02:00:00,request_latency_ms,198.48
2026-01-08T03:00:00,cpu_usage,62.36
2026-01-08T03:00:00,request_latency_ms,189.69
2026-01-08T04:00:00,cpu_usage,61.24
2026-01-08T04:00:00,request_latency_ms,183.87
2026-01-08T05:00:00,cpu_usage,60.00
2026-01-08T05:00:00,request_latency_ms,193.46
2026-01-08T06:00:00,cpu_usage,59.61
2026-01-08T06:00:00,request_latency_ms,195.64
2026-01-08T07:00:00,cpu_usage,58.38
2026-01-08T07:00:00,request_latency_ms,198.88
2026-01-08T08:00:00,cpu_usage,62.50
2026-01-08T08:00:00,request_latency_ms,199.70
2026-01-08T09:00:00,cpu_usage,56.93
2026-01-08T09:00:00,request_latency_ms,199.49
2026-01-08T10:00:00,cpu_usage,58.44
2026-01-08T10:00:00,request_latency_ms,196.15
2026-01-08T11:00:00,cpu_usage,56.88
2026-01-08T11:00:00,request_latency_ms,188.11
2026-01-08T12:00:00,cpu_usage,56.17
2026-01-08T12:00:00,request_latency_ms,190.97
2026-01-08T13:00:00,cpu_usage,62.71
2026-01-08T13:00:00,request_latency_ms,197.31
2026-01-08T14:00:00,cpu_usage,56.39
2026-01-08T14:00:00,request_latency_ms,198.78
2026-01-08T15:00:00,cpu_usage,57.27
2026-01-08T15:00:00,request_latency_ms,183.02
2026-01-08T16:00:00,cpu_usage,60.18
2026-01-08T16:00:00,request_latency_ms,184.77
2026-01-08T17:00:00,cpu_usage,61.18
2026-01-08T17:00:00,request_latency_ms,189.11
2026-01-08T18:00:00,cpu_usage,59.76
2026-01-08T18:00:00,request_latency_ms,183.21
2026-01-08T19:00:00,cpu_usage,62.42
2026-01-08T19:00:00,request_latency_ms,191.28
2026-01-08T20:00:00,cpu_usage,56.77
2026-01-08T20:00:00,request_latency_ms,191.33
2026-01-08T21:00:00,cpu_usage,55.52
2026-01-08T21:00:00,request_latency_ms,197.72
2026-01-08T22:00:00,cpu_usage,55.86
2026-01-08T22:00:00,request_latency_ms,187.90
2026-01-08T23:00:00,cpu_usage,57.25
2026-01-08T23:00:00,request_latency_ms,183.59
2026-01-09T00:00:00,cpu_usage,55.49
2026-01-09T00:00:00,request_latency_ms,184.34
2026-01-09T01:00:00,cpu_usage,60.40
2026-01-09T01:00:00,request_latency_ms,195.65
2026-01-09T02:00:00,cpu_usage,61.17
2026-01-09T02:00:00,request_latency_ms,187.51
2026-01-09T03:00:00,cpu_usage,56.44
2026-01-09T03:00:00,request_latency_ms,184.70
2026-01-09T04:00:00,cpu_usage,60.73
2026-01-09T04:00:00,request_latency_ms,190.43
2026-01-09T05:00:00,cpu_usage,62.10
2026-01-09T05:00:00,request_latency_ms,184.24
2026-01-09T06:00:00,cpu_usage,62.06
2026-01-09T06:00:00,request_latency_ms,183.30
2026-01-09T07:00:00,cpu_usage,61.27
2026-01-09T07:00:00,request_latency_ms,188.99
2026-01-09T08:00:00,cpu_usage,67.58
2026-01-09T08:00:00,request_latency_ms,197.14
2026-01-09T09:00:00,cpu_usage,59.32
2026-01-09T09:00:00,request_latency_ms,180.66
2026-01-09T10:00:00,cpu_usage,60.64
2026-01-09T10:00:00,request_latency_ms,197.64
2026-01-09T11:00:00,cpu_usage,55.47
2026-01-09T11:00:00,request_latency_ms,183.10
2026-01-09T12:00:00,cpu_usage,59.72
2026-01-09T12:00:00,request_latency_ms,198.80
2026-01-09T13:00:00,cpu_usage,60.44
2026-01-09T13:00:00,request_latency_ms,184.33
2026-01-09T14:00:00,cpu_usage,55.12
2026-01-09T14:00:00,request_latency_ms,181.98
2026-01-09T15:00:00,cpu_usage,59.54
2026-01-09T15:00:00,request_latency_ms,189.80
2026-01-09T16:00:00,cpu_usage,59.95
2026-01-09T16:00:00,request_latency_ms,191.67
2026-01-09T17:00:00,cpu_usage,55.70
2026-01-09T17:00:00,request_latency_ms,187.49
2026-01-09T18:00:00,cpu_usage,59.37
2026-01-09T18:00:00,request_latency_ms,188.07
2026-01-09T19:00:00,cpu_usage,56.86
2026-01-09T19:00:00,request_latency_ms,186.38
2026-01-09T20:00:00,cpu_usage,61.56
2026-01-09T20:00:00,request_latency_ms,194.60
2026-01-09T21:00:00,cpu_usage,60.56
2026-01-09T21:00:00,request_latency_ms,199.22
2026-01-09T22:00:00,cpu_usage,56.62
2026-01-09T22:00:00,request_latency_ms,196.49
2026-01-09T23:00:00,cpu_usage,55.42
2026-01-09T23:00:00,request_latency_ms,193.67
2026-01-10T00:00:00,cpu_usage,56.30
2026-01-10T00:00:00,request_latency_ms,185.37
2026-01-10T01:00:00,cpu_usage,56.97
2026-01-10T01:00:00,request_latency_ms,190.16
2026-01-10T02:00:00,cpu_usage,58.13
2026-01-10T02:00:00,request_latency_ms,196.32
2026-01-10T03:00:00,cpu_usage,62.37
2026-01-10T03:00:00,request_latency_ms,190.38
2026-01-10T04:00:00,cpu_usage,56.38
2026-01-10T04:00:00,request_latency_ms,183.95
2026-01-10T05:00:00,cpu_usage,61.56
2026-01-10T05:00:00,request_latency_ms,190.26
2026-01-10T06:00:00,cpu_usage,55.20
2026-01-10T06:00:00,request_latency_ms,188.30
2026-01-10T07:00:00,cpu_usage,62.72
2026-01-10T07:00:00,request_latency_ms,183.48
2026-01-10T08:00:00,cpu_usage,55.82
2026-01-10T08:00:00,request_latency_ms,189.88
2026-01-10T09:00:00,cpu_usage,60.71
2026-01-10T09:00:00,request_latency_ms,198.25
2026-01-10T10:00:00,cpu_usage,58.86
2026-01-10T10:00:00,request_latency_ms,197.45
2026-01-10T11:00:00,cpu_usage,59.36
2026-01-10T11:00:00,request_latency_ms,194.23
2026-01-10T12:00:00,cpu_usage,60.17
2026-01-10T12:00:00,request_latency_ms,180.14
2026-01-10T13:00:00,cpu_usage,57.61
2026-01-10T13:00:00,request_latency_ms,189.01
2026-01-10T14:00:00,cpu_usage,60.69
2026-01-10T14:00:00,request_latency_ms,199.54
2026-01-10T15:00:00,cpu_usage,56.67
2026-01-10T15:00:00,request_latency_ms,194.19
2026-01-10T16:00:00,cpu_usage,59.65
2026-01-10T16:00:00,request_latency_ms,184.07
2026-01-10T17:00:00,cpu_usage,58.90
2026-01-10T17:00:00,request_latency_ms,189.37
2026-01-10T18:00:00,cpu_usage,62.49
2026-01-10T18:00:00,request_latency_ms,185.31
2026-01-10T19:00:00,cpu_usage,58.66
2026-01-10T19:00:00,request_latency_ms,190.55
2026-01-10T20:00:00,cpu_usage,56.13
2026-01-10T20:00:00,request_latency_ms,184.42
2026-01-10T21:00:00,cpu_usage,58.61
2026-01-10T21:00:00,request_latency_ms,190.92
2026-01-10T22:00:00,cpu_usage,59.14
2026-01-10T22:00:00,request_latency_ms,194.46
2026-01-10T23:00:00,cpu_usage,60.77
2026-01-10T23:00:00,request_latency_ms,186.04
2026-01-11T00:00:00,cpu_usage,55.38
2026-01-11T00:00:00,request_latency_ms,193.91
2026-01-11T01:00:00,cpu_usage,55.71
2026-01-11T01:00:00,request_latency_ms,188.88
2026-01-11T02:00:00,cpu_usage,62.06
2026-01-11T02:00:00,request_latency_ms,182.81
2026-01-11T03:00:00,cpu_usage,62.02
2026-01-11T03:00:00,request_latency_ms,185.15
2026-01-11T04:00:00,cpu_usage,56.49
2026-01-11T04:00:00,request_latency_ms,185.01
2026-01-11T05:00:00,cpu_usage,60.92
2026-01-11T05:00:00,request_latency_ms,199.30
2026-01-11T06:00:00,cpu_usage,62.25
2026-01-11T06:00:00,request_latency_ms,189.47
2026-01-11T07:00:00,cpu_usage,58.05
2026-01-11T07:00:00,request_latency_ms,186.00
2026-01-11T08:00:00,cpu_usage,61.66
2026-01-11T08:00:00,request_latency_ms,197.63
2026-01-11T09:00:00,cpu_usage,61.21
2026-01-11T09:00:00,request_latency_ms,187.75
2026-01-11T10:00:00,cpu_usage,56.33
2026-01-11T10:00:00,request_latency_ms,199.64
2026-01-11T11:00:00,cpu_usage,59.64
2026-01-11T11:00:00,request_latency_ms,181.45
2026-01-11T12:00:00,cpu_usage,60.36
2026-01-11T12:00:00,request_latency_ms,188.17
2026-01-11T13:00:00,cpu_usage,57.27
2026-01-11T13:00:00,request_latency_ms,197.22
2026-01-11T14:00:00,cpu_usage,60.48
2026-01-11T14:00:00,request_latency_ms,191.08
2026-01-11T15:00:00,cpu_usage,59.03
2026-01-11T15:00:00,request_latency_ms,188.70
2026-01-11T16:00:00,cpu_usage,59.39
2026-01-11T16:00:00,request_latency_ms,188.70
2026-01-11T17:00:00,cpu_usage,57.67
2026-01-11T17:00:00,request_latency_ms,196.07
2026-01-11T18:00:00,cpu_usage,56.09
2026-01-11T18:00:00,request_latency_ms,182.48
2026-01-11T19:00:00,cpu_usage,62.04
2026-01-11T19:00:00,request_latency_ms,184.65
2026-01-11T20:00:00,cpu_usage,56.29
2026-01-11T20:00:00,request_latency_ms,186.91
2026-01-11T21:00:00,cpu_usage,61.02
2026-01-11T21:00:00,request_latency_ms,191.65
2026-01-11T22:00:00,cpu_usage,55.88
2026-01-11T22:00:00,request_latency_ms,197.27
2026-01-11T23:00:00,cpu_usage,60.21
2026-01-11T23:00:00,request_latency_ms,193.80
2026-01-12T00:00:00,cpu_usage,60.08
2026-01-12T00:00:00,request_latency_ms,197.15
2026-01-12T01:00:00,cpu_usage,60.27
2026-01-12T01:00:00,request_latency_ms,185.55
2026-01-12T02:00:00,cpu_usage,59.10
2026-01-12T02:00:00,request_latency_ms,197.06
2026-01-12T03:00:00,cpu_usage,60.81
2026-01-12T03:00:00,request_latency_ms,192.37
2026-01-12T04:00:00,cpu_usage,62.23
2026-01-12T04:00:00,request_latency_ms,191.68
2026-01-12T05:00:00,cpu_usage,55.35
2026-01-12T05:00:00,request_latency_ms,180.79
2026-01-12T06:00:00,cpu_usage,55.00
2026-01-12T06:00:00,request_latency_ms,185.89
2026-01-12T07:00:00,cpu_usage,61.32
2026-01-12T07:00:00,request_latency_ms,186.99
2026-01-12T08:00:00,cpu_usage,60.57
2026-01-12T08:00:00,request_latency_ms,195.58
2026-01-12T09:00:00,cpu_usage,56.15
2026-01-12T09:00:00,request_latency_ms,199.22
2026-01-12T10:00:00,cpu_usage,61.54
2026-01-12T10:00:00,request_latency_ms,183.63
2026-01-12T11:00:00,cpu_usage,57.37
2026-01-12T11:00:00,request_latency_ms,190.87
2026-01-12T12:00:00,cpu_usage,62.11
2026-01-12T12:00:00,request_latency_ms,181.67
2026-01-12T13:00:00,cpu_usage,62.64
2026-01-12T13:00:00,request_latency_ms,189.22
2026-01-12T14:00:00,cpu_usage,62.60
2026-01-12T14:00:00,request_latency_ms,189.31
2026-01-12T15:00:00,cpu_usage,62.27
2026-01-12T15:00:00,request_latency_ms,199.87
2026-01-12T16:00:00,cpu_usage,58.09
2026-01-12T16:00:00,request_latency_ms,194.29
2026-01-12T17:00:00,cpu_usage,57.96
2026-01-12T17:00:00,request_latency_ms,198.48
2026-01-12T18:00:00,cpu_usage,59.57
2026-01-12T18:00:00,request_latency_ms,188.21
2026-01-12T19:00:00,cpu_usage,57.69
2026-01-12T19:00:00,request_latency_ms,190.70
2026-01-12T20:00:00,cpu_usage,62.05
2026-01-12T20:00:00,request_latency_ms,195.35
2026-01-12T21:00:00,cpu_usage,58.72
2026-01-12T21:00:00,request_latency_ms,181.16
2026-01-12T22:00:00,cpu_usage,55.17
2026-01-12T22:00:00,request_latency_ms,193.69
2026-01-12T23:00:00,cpu_usage,59.19
2026-01-12T23:00:00,request_latency_ms,183.24
2026-01-13T00:00:00,cpu_usage,57.24
2026-01-13T00:00:00,request_latency_ms,182.55
2026-01-13T01:00:00,cpu_usage,56.82
2026-01-13T01:00:00,request_latency_ms,194.04
2026-01-13T02:00:00,cpu_usage,55.85
2026-01-13T02:00:00,request_latency_ms,198.36
2026-01-13T03:00:00,cpu_usage,55.02
2026-01-13T03:00:00,request_latency_ms,187.02
2026-01-13T04:00:00,cpu_usage,56.54
2026-01-13T04:00:00,request_latency_ms,184.98
2026-01-13T05:00:00,cpu_usage,56.25
2026-01-13T05:00:00,request_latency_ms,199.21
2026-01-13T06:00:00,cpu_usage,56.76
2026-01-13T06:00:00,request_latency_ms,193.51
2026-01-13T07:00:00,cpu_usage,55.15
2026-01-13T07:00:00,request_latency_ms,192.57
2026-01-13T08:00:00,cpu_usage,62.36
2026-01-13T08:00:00,request_latency_ms,195.26
2026-01-13T09:00:00,cpu_usage,57.96
2026-01-13T09:00:00,request_latency_ms,196.13
2026-01-13T10:00:00,cpu_usage,56.41
2026-01-13T10:00:00,request_latency_ms,196.50
2026-01-13T11:00:00,cpu_usage,62.08
2026-01-13T11:00:00,request_latency_ms,194.87
2026-01-13T12:00:00,cpu_usage,57.88
2026-01-13T12:00:00,request_latency_ms,274.26
2026-01-13T13:00:00,cpu_usage,60.10
2026-01-13T13:00:00,request_latency_ms,199.72
2026-01-13T14:00:00,cpu_usage,55.69
2026-01-13T14:00:00,request_latency_ms,197.55
2026-01-13T15:00:00,cpu_usage,59.16
2026-01-13T15:00:00,request_latency_ms,185.72
2026-01-13T16:00:00,cpu_usage,62.52
2026-01-13T16:00:00,request_latency_ms,180.46
2026-01-13T17:00:00,cpu_usage,56.92
2026-01-13T17:00:00,request_latency_ms,183.39
2026-01-13T18:00:00,cpu_usage,55.23
2026-01-13T18:00:00,request_latency_ms,187.20
2026-01-13T19:00:00,cpu_usage,60.54
2026-01-13T19:00:00,request_latency_ms,190.35
2026-01-13T20:00:00,cpu_usage,57.60
2026-01-13T20:00:00,request_latency_ms,190.63
2026-01-13T21:00:00,cpu_usage,60.17
2026-01-13T21:00:00,request_latency_ms,188.63
2026-01-13T22:00:00,cpu_usage,62.63
2026-01-13T22:00:00,request_latency_ms,182.17
2026-01-13T23:00:00,cpu_usage,62.99
2026-01-13T23:00:00,request_latency_ms,181.14
2026-01-14T00:00:00,cpu_usage,57.47
2026-01-14T00:00:00,request_latency_ms,184.34
2026-01-14T01:00:00,cpu_usage,61.20
2026-01-14T01:00:00,request_latency_ms,186.14
2026-01-14T02:00:00,cpu_usage,56.91
2026-01-14T02:00:00,request_latency_ms,199.77
2026-01-14T03:00:00,cpu_usage,62.94
2026-01-14T03:00:00,request_latency_ms,193.31
2026-01-14T04:00:00,cpu_usage,58.06
2026-01-14T04:00:00,request_latency_ms,191.83
2026-01-14T05:00:00,cpu_usage,61.82
2026-01-14T05:00:00,request_latency_ms,182.65
2026-01-14T06:00:00,cpu_usage,55.78
2026-01-14T06:00:00,request_latency_ms,192.85
2026-01-14T07:00:00,cpu_usage,57.44
2026-01-14T07:00:00,request_latency_ms,185.19
2026-01-14T08:00:00,cpu_usage,55.04
2026-01-14T08:00:00,request_latency_ms,180.99
2026-01-14T09:00:00,cpu_usage,57.37
2026-01-14T09:00:00,request_latency_ms,194.03
2026-01-14T10:00:00,cpu_usage,62.81
2026-01-14T10:00:00,request_latency_ms,199.76
2026-01-14T11:00:00,cpu_usage,55.34
2026-01-14T11:00:00,request_latency_ms,183.47
2026-01-14T12:00:00,cpu_usage,58.16
2026-01-14T12:00:00,request_latency_ms,198.27
2026-01-14T13:00:00,cpu_usage,61.39
2026-01-14T13:00:00,request_latency_ms,181.40
2026-01-14T14:00:00,cpu_usage,58.76
2026-01-14T14:00:00,request_latency_ms,197.94
2026-01-14T15:00:00,cpu_usage,55.64
2026-01-14T15:00:00,request_latency_ms,188.12
2026-01-14T16:00:00,cpu_usage,56.04
2026-01-14T16:00:00,request_latency_ms,181.97
2026-01-14T17:00:00,cpu_usage,58.42
2026-01-14T17:00:00,request_latency_ms,180.97
2026-01-14T18:00:00,cpu_usage,57.46
2026-01-14T18:00:00,request_latency_ms,180.28
2026-01-14T19:00:00,cpu_usage,56.15
2026-01-14T19:00:00,request_latency_ms,199.74
2026-01-14T20:00:00,cpu_usage,62.89
2026-01-14T20:00:00,request_latency_ms,185.03
2026-01-14T21:00:00,cpu_usage,62.32
2026-01-14T21:00:00,request_latency_ms,187.55
2026-01-14T22:00:00,cpu_usage,59.02
2026-01-14T22:00:00,request_latency_ms,184.63
2026-01-14T23:00:00,cpu_usage,56.46
2026-01-14T23:00:00,request_latency_ms,190.63
2026-01-15T00:00:00,cpu_usage,58.60
2026-01-15T00:00:00,request_latency_ms,190.30
2026-01-15T01:00:00,cpu_usage,62.14
2026-01-15T01:00:00,request_latency_ms,189.73
2026-01-15T02:00:00,cpu_usage,60.98
2026-01-15T02:00:00,request_latency_ms,185.70
2026-01-15T03:00:00,cpu_usage,59.78
2026-01-15T03:00:00,request_latency_ms,184.06
2026-01-15T04:00:00,cpu_usage,57.56
2026-01-15T04:00:00,request_latency_ms,180.93
2026-01-15T05:00:00,cpu_usage,55.11
2026-01-15T05:00:00,request_latency_ms,189.48
2026-01-15T06:00:00,cpu_usage,56.66
2026-01-15T06:00:00,request_latency_ms,184.70
2026-01-15T07:00:00,cpu_usage,61.27
2026-01-15T07:00:00,request_latency_ms,196.63
2026-01-15T08:00:00,cpu_usage,57.13
2026-01-15T08:00:00,request_latency_ms,192.72
2026-01-15T09:00:00,cpu_usage,62.73
2026-01-15T09:00:00,request_latency_ms,195.06
2026-01-15T10:00:00,cpu_usage,56.26
2026-01-15T10:00:00,request_latency_ms,190.33
2026-01-15T11:00:00,cpu_usage,58.59
2026-01-15T11:00:00,request_latency_ms,189.38
2026-01-15T12:00:00,cpu_usage,57.02
2026-01-15T12:00:00,request_latency_ms,180.11
2026-01-15T13:00:00,cpu_usage,60.40
2026-01-15T13:00:00,request_latency_ms,185.62
2026-01-15T14:00:00,cpu_usage,62.09
2026-01-15T14:00:00,request_latency_ms,192.86
2026-01-15T15:00:00,cpu_usage,58.49
2026-01-15T15:00:00,request_latency_ms,196.93
2026-01-15T16:00:00,cpu_usage,61.43
2026-01-15T16:00:00,request_latency_ms,199.14
2026-01-15T17:00:00,cpu_usage,55.84
2026-01-15T17:00:00,request_latency_ms,182.47
2026-01-15T18:00:00,cpu_usage,58.14
2026-01-15T18:00:00,request_latency_ms,190.67
2026-01-15T19:00:00,cpu_usage,58.39
2026-01-15T19:00:00,request_latency_ms,181.02
2026-01-15T20:00:00,cpu_usage,56.26
2026-01-15T20:00:00,request_latency_ms,183.52
2026-01-15T21:00:00,cpu_usage,57.00
2026-01-15T21:00:00,request_latency_ms,182.66
2026-01-15T22:00:00,cpu_usage,60.09
2026-01-15T22:00:00,request_latency_ms,186.33
2026-01-15T23:00:00,cpu_usage,61.12
2026-01-15T23:00:00,request_latency_ms,195.99
2026-01-16T00:00:00,cpu_usage,60.81
2026-01-16T00:00:00,request_latency_ms,199.24
2026-01-16T01:00:00,cpu_usage,59.13
2026-01-16T01:00:00,request_latency_ms,193.47
2026-01-16T02:00:00,cpu_usage,60.74
2026-01-16T02:00:00,request_latency_ms,192.09
2026-01-16T03:00:00,cpu_usage,62.52
2026-01-16T03:00:00,request_latency_ms,188.34
2026-01-16T04:00:00,cpu_usage,56.35
2026-01-16T04:00:00,request_latency_ms,192.05
2026-01-16T05:00:00,cpu_usage,56.04
2026-01-16T05:00:00,request_latency_ms,190.26
2026-01-16T06:00:00,cpu_usage,58.51
2026-01-16T06:00:00,request_latency_ms,185.39
2026-01-16T07:00:00,cpu_usage,58.85
2026-01-16T07:00:00,request_latency_ms,199.16
2026-01-16T08:00:00,cpu_usage,59.11
2026-01-16T08:00:00,request_latency_ms,190.01
2026-01-16T09:00:00,cpu_usage,55.45
2026-01-16T09:00:00,request_latency_ms,181.18
2026-01-16T10:00:00,cpu_usage,62.68
2026-01-16T10:00:00,request_latency_ms,195.09
2026-01-16T11:00:00,cpu_usage,61.78
2026-01-16T11:00:00,request_latency_ms,193.06
2026-01-16T12:00:00,cpu_usage,58.79
2026-01-16T12:00:00,request_latency_ms,197.86
2026-01-16T13:00:00,cpu_usage,56.10
2026-01-16T13:00:00,request_latency_ms,188.42
2026-01-16T14:00:00,cpu_usage,62.83
2026-01-16T14:00:00,request_latency_ms,186.99
2026-01-16T15:00:00,cpu_usage,56.65
2026-01-16T15:00:00,request_latency_ms,187.78
2026-01-16T16:00:00,cpu_usage,60.45
2026-01-16T16:00:00,request_latency_ms,189.65
2026-01-16T17:00:00,cpu_usage,62.72
2026-01-16T17:00:00,request_latency_ms,198.64
2026-01-16T18:00:00,cpu_usage,62.19
2026-01-16T18:00:00,request_latency_ms,182.89
2026-01-16T19:00:00,cpu_usage,55.01
2026-01-16T19:00:00,request_latency_ms,187.41
2026-01-16T20:00:00,cpu_usage,57.74
2026-01-16T20:00:00,request_latency_ms,192.18
2026-01-16T21:00:00,cpu_usage,59.16
2026-01-16T21:00:00,request_latency_ms,181.44
2026-01-16T22:00:00,cpu_usage,58.20
2026-01-16T22:00:00,request_latency_ms,191.63
2026-01-16T23:00:00,cpu_usage,55.48
2026-01-16T23:00:00,request_latency_ms,187.36
2026-01-17T00:00:00,cpu_usage,60.31
2026-01-17T00:00:00,request_latency_ms,184.51
2026-01-17T01:00:00,cpu_usage,61.65
2026-01-17T01:00:00,request_latency_ms,195.87
2026-01-17T02:00:00,cpu_usage,61.85
2026-01-17T02:00:00,request_latency_ms,198.53
2026-01-17T03:00:00,cpu_usage,57.78
2026-01-17T03:00:00,request_latency_ms,199.32
2026-01-17T04:00:00,cpu_usage,60.14
2026-01-17T04:00:00,request_latency_ms,180.18
2026-01-17T05:00:00,cpu_usage,56.31
2026-01-17T05:00:00,request_latency_ms,182.65
2026-01-17T06:00:00,cpu_usage,56.09
2026-01-17T06:00:00,request_latency_ms,183.61
2026-01-17T07:00:00,cpu_usage,55.38
2026-01-17T07:00:00,request_latency_ms,194.69
2026-01-17T08:00:00,cpu_usage,56.33
2026-01-17T08:00:00,request_latency_ms,182.93
2026-01-17T09:00:00,cpu_usage,55.17
2026-01-17T09:00:00,request_latency_ms,186.48
2026-01-17T10:00:00,cpu_usage,58.91
2026-01-17T10:00:00,request_latency_ms,186.58
2026-01-17T11:00:00,cpu_usage,61.57
2026-01-17T11:00:00,request_latency_ms,187.00
2026-01-17T12:00:00,cpu_usage,58.15
2026-01-17T12:00:00,request_latency_ms,184.86
2026-01-17T13:00:00,cpu_usage,57.42
2026-01-17T13:00:00,request_latency_ms,181.60
2026-01-17T14:00:00,cpu_usage,61.98
2026-01-17T14:00:00,request_latency_ms,197.30
2026-01-17T15:00:00,cpu_usage,58.28
2026-01-17T15:00:00,request_latency_ms,191.06
2026-01-17T16:00:00,cpu_usage,71.86
2026-01-17T16:00:00,request_latency_ms,199.28
2026-01-17T17:00:00,cpu_usage,59.01
2026-01-17T17:00:00,request_latency_ms,196.27
2026-01-17T18:00:00,cpu_usage,58.48
2026-01-17T18:00:00,request_latency_ms,192.40
2026-01-17T19:00:00,cpu_usage,62.74
2026-01-17T19:00:00,request_latency_ms,198.49
2026-01-17T20:00:00,cpu_usage,60.11
2026-01-17T20:00:00,request_latency_ms,182.19
2026-01-17T21:00:00,cpu_usage,59.25
2026-01-17T21:00:00,request_latency_ms,191.68
2026-01-17T22:00:00,cpu_usage,55.37
2026-01-17T22:00:00,request_latency_ms,184.39
2026-01-17T23:00:00,cpu_usage,58.01
2026-01-17T23:00:00,request_latency_ms,200.00
2026-01-18T00:00:00,cpu_usage,61.79
2026-01-18T00:00:00,request_latency_ms,191.78
2026-01-18T01:00:00,cpu_usage,57.21
2026-01-18T01:00:00,request_latency_ms,193.33
2026-01-18T02:00:00,cpu_usage,60.09
2026-01-18T02:00:00,request_latency_ms,197.89
2026-01-18T03:00:00,cpu_usage,55.68
2026-01-18T03:00:00,request_latency_ms,181.66
2026-01-18T04:00:00,cpu_usage,58.34
2026-01-18T04:00:00,request_latency_ms,199.65
2026-01-18T05:00:00,cpu_usage,61.12
2026-01-18T05:00:00,request_latency_ms,187.09
2026-01-18T06:00:00,cpu_usage,62.03
2026-01-18T06:00:00,request_latency_ms,188.98
2026-01-18T07:00:00,cpu_usage,57.60
2026-01-18T07:00:00,request_latency_ms,194.54
2026-01-18T08:00:00,cpu_usage,57.21
2026-01-18T08:00:00,request_latency_ms,190.24
2026-01-18T09:00:00,cpu_usage,57.66
2026-01-18T09:00:00,request_latency_ms,186.77
2026-01-18T10:00:00,cpu_usage,59.03
2026-01-18T10:00:00,request_latency_ms,181.08
2026-01-18T11:00:00,cpu_usage,62.86
2026-01-18T11:00:00,request_latency_ms,197.04
2026-01-18T12:00:00,cpu_usage,60.44
2026-01-18T12:00:00,request_latency_ms,193.00
2026-01-18T13:00:00,cpu_usage,60.80
2026-01-18T13:00:00,request_latency_ms,197.14
2026-01-18T14:00:00,cpu_usage,56.57
2026-01-18T14:00:00,request_latency_ms,184.90
2026-01-18T15:00:00,cpu_usage,58.09
2026-01-18T15:00:00,request_latency_ms,200.00
2026-01-18T16:00:00,cpu_usage,62.65
2026-01-18T16:00:00,request_latency_ms,185.44
2026-01-18T17:00:00,cpu_usage,59.87
2026-01-18T17:00:00,request_latency_ms,189.61
2026-01-18T18:00:00,cpu_usage,59.23
2026-01-18T18:00:00,request_latency_ms,198.24
2026-01-18T19:00:00,cpu_usage,57.20
2026-01-18T19:00:00,request_latency_ms,184.01
2026-01-18T20:00:00,cpu_usage,61.56
2026-01-18T20:00:00,request_latency_ms,186.33
2026-01-18T21:00:00,cpu_usage,62.18
2026-01-18T21:00:00,request_latency_ms,180.30
2026-01-18T22:00:00,cpu_usage,62.28
2026-01-18T22:00:00,request_latency_ms,199.22
2026-01-18T23:00:00,cpu_usage,62.02
2026-01-18T23:00:00,request_latency_ms,183.91
2026-01-19T00:00:00,cpu_usage,56.69
2026-01-19T00:00:00,request_latency_ms,194.26
2026-01-19T01:00:00,cpu_usage,62.15
2026-01-19T01:00:00,request_latency_ms,199.09
2026-01-19T02:00:00,cpu_usage,60.43
2026-01-19T02:00:00,request_latency_ms,196.21
2026-01-19T03:00:00,cpu_usage,55.45
2026-01-19T03:00:00,request_latency_ms,188.09
2026-01-19T04:00:00,cpu_usage,58.14
2026-01-19T04:00:00,request_latency_ms,193.51
2026-01-19T05:00:00,cpu_usage,57.33
2026-01-19T05:00:00,request_latency_ms,181.95
2026-01-19T06:00:00,cpu_usage,62.60
2026-01-19T06:00:00,request_latency_ms,184.61
2026-01-19T07:00:00,cpu_usage,60.47
2026-01-19T07:00:00,request_latency_ms,196.98
2026-01-19T08:00:00,cpu_usage,57.72
2026-01-19T08:00:00,request_latency_ms,197.98
2026-01-19T09:00:00,cpu_usage,60.00
2026-01-19T09:00:00,request_latency_ms,195.97
2026-01-19T10:00:00,cpu_usage,58.84
2026-01-19T10:00:00,request_latency_ms,197.41
2026-01-19T11:00:00,cpu_usage,55.81
2026-01-19T11:00:00,request_latency_ms,199.98
2026-01-19T12:00:00,cpu_usage,62.77
2026-01-19T12:00:00,request_latency_ms,196.87
2026-01-19T13:00:00,cpu_usage,55.09
2026-01-19T13:00:00,request_latency_ms,184.59
2026-01-19T14:00:00,cpu_usage,60.19
2026-01-19T14:00:00,request_latency_ms,189.11
2026-01-19T15:00:00,cpu_usage,62.71
2026-01-19T15:00:00,request_latency_ms,197.75
2026-01-19T16:00:00,cpu_usage,55.08
2026-01-19T16:00:00,request_latency_ms,198.94
2026-01-19T17:00:00,cpu_usage,57.15
2026-01-19T17:00:00,request_latency_ms,186.31
2026-01-19T18:00:00,cpu_usage,56.94
2026-01-19T18:00:00,request_latency_ms,198.41
2026-01-19T19:00:00,cpu_usage,55.39
2026-01-19T19:00:00,request_latency_ms,194.44
2026-01-19T20:00:00,cpu_usage,60.77
2026-01-19T20:00:00,request_latency_ms,182.38
2026-01-19T21:00:00,cpu_usage,57.46
2026-01-19T21:00:00,request_latency_ms,188.97
2026-01-19T22:00:00,cpu_usage,62.97
2026-01-19T22:00:00,request_latency_ms,188.09
2026-01-19T23:00:00,cpu_usage,59.57
2026-01-19T23:00:00,request_latency_ms,183.77
2026-01-20T00:00:00,cpu_usage,60.57
2026-01-20T00:00:00,request_latency_ms,181.81
2026-01-20T01:00:00,cpu_usage,61.43
2026-01-20T01:00:00,request_latency_ms,184.11
2026-01-20T02:00:00,cpu_usage,57.14
2026-01-20T02:00:00,request_latency_ms,191.16
2026-01-20T03:00:00,cpu_usage,61.96
2026-01-20T03:00:00,request_latency_ms,194.89
2026-01-20T04:00:00,cpu_usage,61.16
2026-01-20T04:00:00,request_latency_ms,182.68
2026-01-20T05:00:00,cpu_usage,55.71
2026-01-20T05:00:00,request_latency_ms,196.94
2026-01-20T06:00:00,cpu_usage,58.88
2026-01-20T06:00:00,request_latency_ms,189.00
2026-01-20T07:00:00,cpu_usage,62.80
2026-01-20T07:00:00,request_latency_ms,184.13
2026-01-20T08:00:00,cpu_usage,57.49
2026-01-20T08:00:00,request_latency_ms,186.02
2026-01-20T09:00:00,cpu_usage,62.64
2026-01-20T09:00:00,request_latency_ms,189.69
2026-01-20T10:00:00,cpu_usage,56.73
2026-01-20T10:00:00,request_latency_ms,198.48
2026-01-20T11:00:00,cpu_usage,55.45
2026-01-20T11:00:00,request_latency_ms,188.38
2026-01-20T12:00:00,cpu_usage,60.96
2026-01-20T12:00:00,request_latency_ms,198.88
2026-01-20T13:00:00,cpu_usage,58.85
2026-01-20T13:00:00,request_latency_ms,183.58
2026-01-20T14:00:00,cpu_usage,56.33
2026-01-20T14:00:00,request_latency_ms,197.28
2026-01-20T15:00:00,cpu_usage,58.09
2026-01-20T15:00:00,request_latency_ms,190.90
2026-01-20T16:00:00,cpu_usage,57.53
2026-01-20T16:00:00,request_latency_ms,180.29
2026-01-20T17:00:00,cpu_usage,57.84
2026-01-20T17:00:00,request_latency_ms,182.53
2026-01-20T18:00:00,cpu_usage,62.50
2026-01-20T18:00:00,request_latency_ms,183.68
2026-01-20T19:00:00,cpu_usage,59.26
2026-01-20T19:00:00,request_latency_ms,181.16
2026-01-20T20:00:00,cpu_usage,56.05
2026-01-20T20:00:00,request_latency_ms,180.36
2026-01-20T21:00:00,cpu_usage,59.95
2026-01-20T21:00:00,request_latency_ms,193.43
2026-01-20T22:00:00,cpu_usage,59.10
2026-01-20T22:00:00,request_latency_ms,188.90
2026-01-20T23:00:00,cpu_usage,55.03
2026-01-20T23:00:00,request_latency_ms,195.39
2026-01-21T00:00:00,cpu_usage,62.74
2026-01-21T00:00:00,request_latency_ms,188.00
2026-01-21T01:00:00,cpu_usage,55.29
2026-01-21T01:00:00,request_latency_ms,181.73
2026-01-21T02:00:00,cpu_usage,61.33
2026-01-21T02:00:00,request_latency_ms,189.74
2026-01-21T03:00:00,cpu_usage,62.57
2026-01-21T03:00:00,request_latency_ms,189.96
2026-01-21T04:00:00,cpu_usage,59.74
2026-01-21T04:00:00,request_latency_ms,193.55
2026-01-21T05:00:00,cpu_usage,56.86
2026-01-21T05:00:00,request_latency_ms,188.84
2026-01-21T06:00:00,cpu_usage,56.92
2026-01-21T06:00:00,request_latency_ms,195.02
2026-01-21T07:00:00,cpu_usage,59.19
2026-01-21T07:00:00,request_latency_ms,184.51
2026-01-21T08:00:00,cpu_usage,61.30
2026-01-21T08:00:00,request_latency_ms,198.63
2026-01-21T09:00:00,cpu_usage,59.35
2026-01-21T09:00:00,request_latency_ms,188.03
2026-01-21T10:00:00,cpu_usage,62.34
2026-01-21T10:00:00,request_latency_ms,195.50
2026-01-21T11:00:00,cpu_usage,56.71
2026-01-21T11:00:00,request_latency_ms,180.90
2026-01-21T12:00:00,cpu_usage,55.69
2026-01-21T12:00:00,request_latency_ms,191.90
2026-01-21T13:00:00,cpu_usage,57.38
2026-01-21T13:00:00,request_latency_ms,190.26
2026-01-21T14:00:00,cpu_usage,56.54
2026-01-21T14:00:00,request_latency_ms,184.60
2026-01-21T15:00:00,cpu_usage,60.35
2026-01-21T15:00:00,request_latency_ms,192.50
2026-01-21T16:00:00,cpu_usage,57.25
2026-01-21T16:00:00,request_latency_ms,197.87
2026-01-21T17:00:00,cpu_usage,57.42
2026-01-21T17:00:00,request_latency_ms,181.21
2026-01-21T18:00:00,cpu_usage,57.33
2026-01-21T18:00:00,request_latency_ms,199.28
2026-01-21T19:00:00,cpu_usage,59.92
2026-01-21T19:00:00,request_latency_ms,182.68
2026-01-21T20:00:00,cpu_usage,60.89
2026-01-21T20:00:00,request_latency_ms,181.09
2026-01-21T21:00:00,cpu_usage,60.09
2026-01-21T21:00:00,request_latency_ms,181.98
2026-01-21T22:00:00,cpu_usage,60.14
2026-01-21T22:00:00,request_latency_ms,189.62
2026-01-21T23:00:00,cpu_usage,62.04
2026-01-21T23:00:00,request_latency_ms,182.16
2026-01-22T00:00:00,cpu_usage,55.25
2026-01-22T00:00:00,request_latency_ms,186.02
2026-01-22T01:00:00,cpu_usage,58.92
2026-01-22T01:00:00,request_latency_ms,185.64
2026-01-22T02:00:00,cpu_usage,58.36
2026-01-22T02:00:00,request_latency_ms,184.70
2026-01-22T03:00:00,cpu_usage,60.08
2026-01-22T03:00:00,request_latency_ms,186.44
2026-01-22T04:00:00,cpu_usage,58.01
2026-01-22T04:00:00,request_latency_ms,195.07
2026-01-22T05:00:00,cpu_usage,61.04
2026-01-22T05:00:00,request_latency_ms,189.34
2026-01-22T06:00:00,cpu_usage,62.80
2026-01-22T06:00:00,request_latency_ms,198.85
2026-01-22T07:00:00,cpu_usage,59.16
2026-01-22T07:00:00,request_latency_ms,184.46
2026-01-22T08:00:00,cpu_usage,60.71
2026-01-22T08:00:00,request_latency_ms,198.28
2026-01-22T09:00:00,cpu_usage,57.58
2026-01-22T09:00:00,request_latency_ms,197.71
2026-01-22T10:00:00,cpu_usage,58.98
2026-01-22T10:00:00,request_latency_ms,197.23
2026-01-22T11:00:00,cpu_usage,60.10
2026-01-22T11:00:00,request_latency_ms,185.57
2026-01-22T12:00:00,cpu_usage,59.04
2026-01-22T12:00:00,request_latency_ms,185.10
2026-01-22T13:00:00,cpu_usage,59.88
2026-01-22T13:00:00,request_latency_ms,193.31
2026-01-22T14:00:00,cpu_usage,58.19
2026-01-22T14:00:00,request_latency_ms,185.62
2026-01-22T15:00:00,cpu_usage,60.60
2026-01-22T15:00:00,request_latency_ms,193.20
2026-01-22T16:00:00,cpu_usage,58.38
2026-01-22T16:00:00,request_latency_ms,190.12
2026-01-22T17:00:00,cpu_usage,60.29
2026-01-22T17:00:00,request_latency_ms,192.17
2026-01-22T18:00:00,cpu_usage,55.26
2026-01-22T18:00:00,request_latency_ms,186.26
2026-01-22T19:00:00,cpu_usage,56.29
2026-01-22T19:00:00,request_latency_ms,199.05
2026-01-22T20:00:00,cpu_usage,61.93
2026-01-22T20:00:00,request_latency_ms,187.58
2026-01-22T21:00:00,cpu_usage,59.57
2026-01-22T21:00:00,request_latency_ms,181.29
2026-01-22T22:00:00,cpu_usage,59.15
2026-01-22T22:00:00,request_latency_ms,186.02
2026-01-22T23:00:00,cpu_usage,55.07
2026-01-22T23:00:00,request_latency_ms,185.25
2026-01-23T00:00:00,cpu_usage,56.26
2026-01-23T00:00:00,request_latency_ms,188.97
2026-01-23T01:00:00,cpu_usage,57.60
2026-01-23T01:00:00,request_latency_ms,187.83
2026-01-23T02:00:00,cpu_usage,61.17
2026-01-23T02:00:00,request_latency_ms,194.42
2026-01-23T03:00:00,cpu_usage,59.96
2026-01-23T03:00:00,request_latency_ms,188.52
2026-01-23T04:00:00,cpu_usage,61.66
2026-01-23T04:00:00,request_latency_ms,193.71
2026-01-23T05:00:00,cpu_usage,57.55
2026-01-23T05:00:00,request_latency_ms,191.41
2026-01-23T06:00:00,cpu_usage,58.35
2026-01-23T06:00:00,request_latency_ms,184.97
2026-01-23T07:00:00,cpu_usage,55.13
2026-01-23T07:00:00,request_latency_ms,195.68
2026-01-23T08:00:00,cpu_usage,60.07
2026-01-23T08:00:00,request_latency_ms,189.73
2026-01-23T09:00:00,cpu_usage,56.24
2026-01-23T09:00:00,request_latency_ms,195.23
2026-01-23T10:00:00,cpu_usage,60.23
2026-01-23T10:00:00,request_latency_ms,189.29
2026-01-23T11:00:00,cpu_usage,62.72
2026-01-23T11:00:00,request_latency_ms,194.08
2026-01-23T12:00:00,cpu_usage,56.78
2026-01-23T12:00:00,request_latency_ms,195.80
2026-01-23T13:00:00,cpu_usage,56.78
2026-01-23T13:00:00,request_latency_ms,183.16
2026-01-23T14:00:00,cpu_usage,58.29
2026-01-23T14:00:00,request_latency_ms,186.36
2026-01-23T15:00:00,cpu_usage,59.72
2026-01-23T15:00:00,request_latency_ms,186.68
2026-01-23T16:00:00,cpu_usage,56.11
2026-01-23T16:00:00,request_latency_ms,182.36
2026-01-23T17:00:00,cpu_usage,62.88
2026-01-23T17:00:00,request_latency_ms,180.03
2026-01-23T18:00:00,cpu_usage,59.88
2026-01-23T18:00:00,request_latency_ms,182.37
2026-01-23T19:00:00,cpu_usage,57.32
2026-01-23T19:00:00,request_latency_ms,196.61
2026-01-23T20:00:00,cpu_usage,60.68
2026-01-23T20:00:00,request_latency_ms,182.03
2026-01-23T21:00:00,cpu_usage,55.84
2026-01-23T21:00:00,request_latency_ms,190.58
2026-01-23T22:00:00,cpu_usage,59.76
2026-01-23T22:00:00,request_latency_ms,192.97
2026-01-23T23:00:00,cpu_usage,55.17
2026-01-23T23:00:00,request_latency_ms,191.82
2026-01-24T00:00:00,cpu_usage,57.01
2026-01-24T00:00:00,request_latency_ms,198.08
2026-01-24T01:00:00,cpu_usage,62.55
2026-01-24T01:00:00,request_latency_ms,199.83
2026-01-24T02:00:00,cpu_usage,57.23
2026-01-24T02:00:00,request_latency_ms,188.53
2026-01-24T03:00:00,cpu_usage,57.96
2026-01-24T03:00:00,request_latency_ms,193.16
2026-01-24T04:00:00,cpu_usage,55.77
2026-01-24T04:00:00,request_latency_ms,197.02
2026-01-24T05:00:00,cpu_usage,58.40
2026-01-24T05:00:00,request_latency_ms,183.61
2026-01-24T06:00:00,cpu_usage,62.39
2026-01-24T06:00:00,request_latency_ms,197.93
2026-01-24T07:00:00,cpu_usage,55.46
2026-01-24T07:00:00,request_latency_ms,188.71
2026-01-24T08:00:00,cpu_usage,55.11
2026-01-24T08:00:00,request_latency_ms,194.61
2026-01-24T09:00:00,cpu_usage,55.44
2026-01-24T09:00:00,request_latency_ms,180.56
2026-01-24T10:00:00,cpu_usage,59.69
2026-01-24T10:00:00,request_latency_ms,199.58
2026-01-24T11:00:00,cpu_usage,59.82
2026-01-24T11:00:00,request_latency_ms,199.69
2026-01-24T12:00:00,cpu_usage,57.36
2026-01-24T12:00:00,request_latency_ms,189.64
2026-01-24T13:00:00,cpu_usage,58.80
2026-01-24T13:00:00,request_latency_ms,199.29
2026-01-24T14:00:00,cpu_usage,61.10
2026-01-24T14:00:00,request_latency_ms,192.77
2026-01-24T15:00:00,cpu_usage,58.68
2026-01-24T15:00:00,request_latency_ms,184.35
2026-01-24T16:00:00,cpu_usage,57.35
2026-01-24T16:00:00,request_latency_ms,180.03
2026-01-24T17:00:00,cpu_usage,60.71
2026-01-24T17:00:00,request_latency_ms,192.06
2026-01-24T18:00:00,cpu_usage,62.52
2026-01-24T18:00:00,request_latency_ms,192.46
2026-01-24T19:00:00,cpu_usage,61.60
2026-01-24T19:00:00,request_latency_ms,189.63
2026-01-24T20:00:00,cpu_usage,59.44
2026-01-24T20:00:00,request_latency_ms,195.40
2026-01-24T21:00:00,cpu_usage,60.17
2026-01-24T21:00:00,request_latency_ms,182.81
2026-01-24T22:00:00,cpu_usage,60.74
2026-01-24T22:00:00,request_latency_ms,183.93
2026-01-24T23:00:00,cpu_usage,58.46
2026-01-24T23:00:00,request_latency_ms,197.61
2026-01-25T00:00:00,cpu_usage,57.97
2026-01-25T00:00:00,request_latency_ms,188.77
2026-01-25T01:00:00,cpu_usage,60.76
2026-01-25T01:00:00,request_latency_ms,194.39
2026-01-25T02:00:00,cpu_usage,62.57
2026-01-25T02:00:00,request_latency_ms,184.03
2026-01-25T03:00:00,cpu_usage,57.50
2026-01-25T03:00:00,request_latency_ms,184.34
2026-01-25T04:00:00,cpu_usage,57.01
2026-01-25T04:00:00,request_latency_ms,194.25
2026-01-25T05:00:00,cpu_usage,56.80
2026-01-25T05:00:00,request_latency_ms,184.61
2026-01-25T06:00:00,cpu_usage,62.87
2026-01-25T06:00:00,request_latency_ms,199.42
2026-01-25T07:00:00,cpu_usage,57.59
2026-01-25T07:00:00,request_latency_ms,188.29
2026-01-25T08:00:00,cpu_usage,60.81
2026-01-25T08:00:00,request_latency_ms,192.78
2026-01-25T09:00:00,cpu_usage,61.02
2026-01-25T09:00:00,request_latency_ms,196.64
2026-01-25T10:00:00,cpu_usage,55.98
2026-01-25T10:00:00,request_latency_ms,194.30
2026-01-25T11:00:00,cpu_usage,58.69
2026-01-25T11:00:00,request_latency_ms,195.54
2026-01-25T12:00:00,cpu_usage,62.96
2026-01-25T12:00:00,request_latency_ms,193.30
2026-01-25T13:00:00,cpu_usage,57.86
2026-01-25T13:00:00,request_latency_ms,199.82
2026-01-25T14:00:00,cpu_usage,55.89
2026-01-25T14:00:00,request_latency_ms,192.84
2026-01-25T15:00:00,cpu_usage,62.80
2026-01-25T15:00:00,request_latency_ms,195.15
2026-01-25T16:00:00,cpu_usage,55.09
2026-01-25T16:00:00,request_latency_ms,192.56
2026-01-25T17:00:00,cpu_usage,58.52
2026-01-25T17:00:00,request_latency_ms,196.01
2026-01-25T18:00:00,cpu_usage,59.12
2026-01-25T18:00:00,request_latency_ms,184.70
2026-01-25T19:00:00,cpu_usage,59.45
2026-01-25T19:00:00,request_latency_ms,198.29
2026-01-25T20:00:00,cpu_usage,57.36
2026-01-25T20:00:00,request_latency_ms,184.31
2026-01-25T21:00:00,cpu_usage,59.90
2026-01-25T21:00:00,request_latency_ms,199.75
2026-01-25T22:00:00,cpu_usage,56.09
2026-01-25T22:00:00,request_latency_ms,193.85
2026-01-25T23:00:00,cpu_usage,60.46
2026-01-25T23:00:00,request_latency_ms,199.88
2026-01-26T00:00:00,cpu_usage,71.08
2026-01-26T00:00:00,request_latency_ms,277.17
2026-01-26T01:00:00,cpu_usage,56.81
2026-01-26T01:00:00,request_latency_ms,197.69
2026-01-26T02:00:00,cpu_usage,58.58
2026-01-26T02:00:00,request_latency_ms,187.02
2026-01-26T03:00:00,cpu_usage,59.47
2026-01-26T03:00:00,request_latency_ms,198.29
2026-01-26T04:00:00,cpu_usage,58.82
2026-01-26T04:00:00,request_latency_ms,197.72
2026-01-26T05:00:00,cpu_usage,55.82
2026-01-26T05:00:00,request_latency_ms,196.43
2026-01-26T06:00:00,cpu_usage,59.42
2026-01-26T06:00:00,request_latency_ms,186.72
2026-01-26T07:00:00,cpu_usage,59.46
2026-01-26T07:00:00,request_latency_ms,187.98
2026-01-26T08:00:00,cpu_usage,55.29
2026-01-26T08:00:00,request_latency_ms,186.90
2026-01-26T09:00:00,cpu_usage,58.02
2026-01-26T09:00:00,request_latency_ms,190.73
2026-01-26T10:00:00,cpu_usage,57.36
2026-01-26T10:00:00,request_latency_ms,186.47
2026-01-26T11:00:00,cpu_usage,58.11
2026-01-26T11:00:00,request_latency_ms,183.09
2026-01-26T12:00:00,cpu_usage,61.19
2026-01-26T12:00:00,request_latency_ms,181.79
2026-01-26T13:00:00,cpu_usage,55.16
2026-01-26T13:00:00,request_latency_ms,193.41
2026-01-26T14:00:00,cpu_usage,57.72
2026-01-26T14:00:00,request_latency_ms,194.38
2026-01-26T15:00:00,cpu_usage,61.03
2026-01-26T15:00:00,request_latency_ms,191.45
2026-01-26T16:00:00,cpu_usage,57.88
2026-01-26T16:00:00,request_latency_ms,187.37
2026-01-26T17:00:00,cpu_usage,57.43
2026-01-26T17:00:00,request_latency_ms,186.02
2026-01-26T18:00:00,cpu_usage,60.66
2026-01-26T18:00:00,request_latency_ms,193.48
2026-01-26T19:00:00,cpu_usage,55.85
2026-01-26T19:00:00,request_latency_ms,184.90
2026-01-26T20:00:00,cpu_usage,59.19
2026-01-26T20:00:00,request_latency_ms,181.78
2026-01-26T21:00:00,cpu_usage,59.98
2026-01-26T21:00:00,request_latency_ms,185.80
2026-01-26T22:00:00,cpu_usage,59.17
2026-01-26T22:00:00,request_latency_ms,198.72
2026-01-26T23:00:00,cpu_usage,56.21
2026-01-26T23:00:00,request_latency_ms,192.93
2026-01-27T00:00:00,cpu_usage,57.42
2026-01-27T00:00:00,request_latency_ms,184.19
2026-01-27T01:00:00,cpu_usage,61.35
2026-01-27T01:00:00,request_latency_ms,194.84
2026-01-27T02:00:00,cpu_usage,55.65
2026-01-27T02:00:00,request_latency_ms,185.78
2026-01-27T03:00:00,cpu_usage,61.22
2026-01-27T03:00:00,request_latency_ms,186.21
2026-01-27T04:00:00,cpu_usage,59.39
2026-01-27T04:00:00,request_latency_ms,182.48
2026-01-27T05:00:00,cpu_usage,59.89
2026-01-27T05:00:00,request_latency_ms,184.33
2026-01-27T06:00:00,cpu_usage,62.13
2026-01-27T06:00:00,request_latency_ms,193.36
2026-01-27T07:00:00,cpu_usage,59.13
2026-01-27T07:00:00,request_latency_ms,187.48
2026-01-27T08:00:00,cpu_usage,60.48
2026-01-27T08:00:00,request_latency_ms,186.54
2026-01-27T09:00:00,cpu_usage,57.00
2026-01-27T09:00:00,request_latency_ms,193.64
2026-01-27T10:00:00,cpu_usage,61.75
2026-01-27T10:00:00,request_latency_ms,184.58
2026-01-27T11:00:00,cpu_usage,56.36
2026-01-27T11:00:00,request_latency_ms,194.11
2026-01-27T12:00:00,cpu_usage,61.45
2026-01-27T12:00:00,request_latency_ms,193.43
2026-01-27T13:00:00,cpu_usage,57.20
2026-01-27T13:00:00,request_latency_ms,196.96
2026-01-27T14:00:00,cpu_usage,59.64
2026-01-27T14:00:00,request_latency_ms,189.08
2026-01-27T15:00:00,cpu_usage,62.30
2026-01-27T15:00:00,request_latency_ms,188.63
2026-01-27T16:00:00,cpu_usage,62.80
2026-01-27T16:00:00,request_latency_ms,195.72
2026-01-27T17:00:00,cpu_usage,62.38
2026-01-27T17:00:00,request_latency_ms,182.33
2026-01-27T18:00:00,cpu_usage,55.66
2026-01-27T18:00:00,request_latency_ms,181.29
2026-01-27T19:00:00,cpu_usage,59.48
2026-01-27T19:00:00,request_latency_ms,195.25
2026-01-27T20:00:00,cpu_usage,59.98
2026-01-27T20:00:00,request_latency_ms,191.41
2026-01-27T21:00:00,cpu_usage,59.35
2026-01-27T21:00:00,request_latency_ms,184.73
2026-01-27T22:00:00,cpu_usage,55.63
2026-01-27T22:00:00,request_latency_ms,199.15
2026-01-27T23:00:00,cpu_usage,62.48
2026-01-27T23:00:00,request_latency_ms,188.10
2026-01-28T00:00:00,cpu_usage,62.58
2026-01-28T00:00:00,request_latency_ms,191.85
2026-01-28T01:00:00,cpu_usage,56.91
2026-01-28T01:00:00,request_latency_ms,196.77
2026-01-28T02:00:00,cpu_usage,58.73
2026-01-28T02:00:00,request_latency_ms,184.96
2026-01-28T03:00:00,cpu_usage,59.34
2026-01-28T03:00:00,request_latency_ms,187.32
2026-01-28T04:00:00,cpu_usage,55.28
2026-01-28T04:00:00,request_latency_ms,184.30
2026-01-28T05:00:00,cpu_usage,59.21
2026-01-28T05:00:00,request_latency_ms,180.85
2026-01-28T06:00:00,cpu_usage,59.07
2026-01-28T06:00:00,request_latency_ms,199.73
2026-01-28T07:00:00,cpu_usage,60.53
2026-01-28T07:00:00,request_latency_ms,188.51
2026-01-28T08:00:00,cpu_usage,60.71
2026-01-28T08:00:00,request_latency_ms,197.59
2026-01-28T09:00:00,cpu_usage,57.84
2026-01-28T09:00:00,request_latency_ms,186.13
2026-01-28T10:00:00,cpu_usage,57.36
2026-01-28T10:00:00,request_latency_ms,185.12
2026-01-28T11:00:00,cpu_usage,55.94
2026-01-28T11:00:00,request_latency_ms,189.67
2026-01-28T12:00:00,cpu_usage,59.10
2026-01-28T12:00:00,request_latency_ms,193.98
2026-01-28T13:00:00,cpu_usage,61.33
2026-01-28T13:00:00,request_latency_ms,192.06
2026-01-28T14:00:00,cpu_usage,61.27
2026-01-28T14:00:00,request_latency_ms,181.97
2026-01-28T15:00:00,cpu_usage,61.11
2026-01-28T15:00:00,request_latency_ms,186.53
2026-01-28T16:00:00,cpu_usage,59.16
2026-01-28T16:00:00,request_latency_ms,198.45
2026-01-28T17:00:00,cpu_usage,62.04
2026-01-28T17:00:00,request_latency_ms,183.30
2026-01-28T18:00:00,cpu_usage,57.59
2026-01-28T18:00:00,request_latency_ms,184.87
2026-01-28T19:00:00,cpu_usage,59.88
2026-01-28T19:00:00,request_latency_ms,189.46
2026-01-28T20:00:00,cpu_usage,55.81
2026-01-28T20:00:00,request_latency_ms,185.39
2026-01-28T21:00:00,cpu_usage,55.89
2026-01-28T21:00:00,request_latency_ms,180.07
2026-01-28T22:00:00,cpu_usage,57.38
2026-01-28T22:00:00,request_latency_ms,183.82
2026-01-28T23:00:00,cpu_usage,57.46
2026-01-28T23:00:00,request_latency_ms,193.27
2026-01-29T00:00:00,cpu_usage,62.52
2026-01-29T00:00:00,request_latency_ms,181.18
2026-01-29T01:00:00,cpu_usage,61.05
2026-01-29T01:00:00,request_latency_ms,195.93
2026-01-29T02:00:00,cpu_usage,59.43
2026-01-29T02:00:00,request_latency_ms,181.54
2026-01-29T03:00:00,cpu_usage,61.60
2026-01-29T03:00:00,request_latency_ms,188.26
2026-01-29T04:00:00,cpu_usage,57.87
2026-01-29T04:00:00,request_latency_ms,189.28
2026-01-29T05:00:00,cpu_usage,55.21
2026-01-29T05:00:00,request_latency_ms,192.10
2026-01-29T06:00:00,cpu_usage,61.24
2026-01-29T06:00:00,request_latency_ms,182.95
2026-01-29T07:00:00,cpu_usage,62.38
2026-01-29T07:00:00,request_latency_ms,189.83
2026-01-29T08:00:00,cpu_usage,60.59
2026-01-29T08:00:00,request_latency_ms,187.66
2026-01-29T09:00:00,cpu_usage,60.50
2026-01-29T09:00:00,request_latency_ms,197.09
2026-01-29T10:00:00,cpu_usage,59.89
2026-01-29T10:00:00,request_latency_ms,195.64
2026-01-29T11:00:00,cpu_usage,60.46
2026-01-29T11:00:00,request_latency_ms,180.96
2026-01-29T12:00:00,cpu_usage,57.89
2026-01-29T12:00:00,request_latency_ms,184.22
2026-01-29T13:00:00,cpu_usage,59.68
2026-01-29T13:00:00,request_latency_ms,181.58
2026-01-29T14:00:00,cpu_usage,56.95
2026-01-29T14:00:00,request_latency_ms,186.87
2026-01-29T15:00:00,cpu_usage,56.19
2026-01-29T15:00:00,request_latency_ms,181.85
2026-01-29T16:00:00,cpu_usage,61.37
2026-01-29T16:00:00,request_latency_ms,196.90
2026-01-29T17:00:00,cpu_usage,62.28
2026-01-29T17:00:00,request_latency_ms,196.31
2026-01-29T18:00:00,cpu_usage,60.67
2026-01-29T18:00:00,request_latency_ms,198.57
2026-01-29T19:00:00,cpu_usage,56.56
2026-01-29T19:00:00,request_latency_ms,188.96
2026-01-29T20:00:00,cpu_usage,62.04
2026-01-29T20:00:00,request_latency_ms,184.43
2026-01-29T21:00:00,cpu_usage,62.53
2026-01-29T21:00:00,request_latency_ms,193.08
2026-01-29T22:00:00,cpu_usage,59.35
2026-01-29T22:00:00,request_latency_ms,197.08
2026-01-29T23:00:00,cpu_usage,57.17
2026-01-29T23:00:00,request_latency_ms,188.61
2026-01-30T00:00:00,cpu_usage,58.11
2026-01-30T00:00:00,request_latency_ms,195.73
2026-01-30T01:00:00,cpu_usage,60.46
2026-01-30T01:00:00,request_latency_ms,189.61
2026-01-30T02:00:00,cpu_usage,57.72
2026-01-30T02:00:00,request_latency_ms,199.22
2026-01-30T03:00:00,cpu_usage,59.24
2026-01-30T03:00:00,request_latency_ms,197.89
2026-01-30T04:00:00,cpu_usage,57.10
2026-01-30T04:00:00,request_latency_ms,188.78
2026-01-30T05:00:00,cpu_usage,56.75
2026-01-30T05:00:00,request_latency_ms,199.80
2026-01-30T06:00:00,cpu_usage,55.66
2026-01-30T06:00:00,request_latency_ms,197.95
2026-01-30T07:00:00,cpu_usage,60.56
2026-01-30T07:00:00,request_latency_ms,192.37
2026-01-30T08:00:00,cpu_usage,62.60
2026-01-30T08:00:00,request_latency_ms,187.08
2026-01-30T09:00:00,cpu_usage,56.81
2026-01-30T09:00:00,request_latency_ms,195.75
2026-01-30T10:00:00,cpu_usage,62.17
2026-01-30T10:00:00,request_latency_ms,180.17
2026-01-30T11:00:00,cpu_usage,58.54
2026-01-30T11:00:00,request_latency_ms,197.34
2026-01-30T12:00:00,cpu_usage,59.02
2026-01-30T12:00:00,request_latency_ms,199.35
2026-01-30T13:00:00,cpu_usage,62.08
2026-01-30T13:00:00,request_latency_ms,187.65
2026-01-30T14:00:00,cpu_usage,62.59
2026-01-30T14:00:00,request_latency_ms,191.97
2026-01-30T15:00:00,cpu_usage,57.67
2026-01-30T15:00:00,request_latency_ms,199.35
2026-01-30T16:00:00,cpu_usage,62.42
2026-01-30T16:00:00,request_latency_ms,183.57
2026-01-30T17:00:00,cpu_usage,59.84
2026-01-30T17:00:00,request_latency_ms,189.79
2026-01-30T18:00:00,cpu_usage,56.07
2026-01-30T18:00:00,request_latency_ms,198.08
2026-01-30T19:00:00,cpu_usage,62.06
2026-01-30T19:00:00,request_latency_ms,180.39
2026-01-30T20:00:00,cpu_usage,57.40
2026-01-30T20:00:00,request_latency_ms,181.93
2026-01-30T21:00:00,cpu_usage,55.96
2026-01-30T21:00:00,request_latency_ms,193.92
2026-01-30T22:00:00,cpu_usage,60.39
2026-01-30T22:00:00,request_latency_ms,187.71
2026-01-30T23:00:00,cpu_usage,58.39
2026-01-30T23:00:00,request_latency_ms,199.19
2026-01-31T00:00:00,cpu_usage,57.38
2026-01-31T00:00:00,request_latency_ms,188.46
2026-01-31T01:00:00,cpu_usage,58.73
2026-01-31T01:00:00,request_latency_ms,196.37
2026-01-31T02:00:00,cpu_usage,61.45
2026-01-31T02:00:00,request_latency_ms,183.43
2026-01-31T03:00:00,cpu_usage,58.35
2026-01-31T03:00:00,request_latency_ms,195.66
2026-01-31T04:00:00,cpu_usage,60.76
2026-01-31T04:00:00,request_latency_ms,196.02
2026-01-31T05:00:00,cpu_usage,56.44
2026-01-31T05:00:00,request_latency_ms,180.96
2026-01-31T06:00:00,cpu_usage,61.70
2026-01-31T06:00:00,request_latency_ms,180.02
2026-01-31T07:00:00,cpu_usage,55.35
2026-01-31T07:00:00,request_latency_ms,197.40
2026-01-31T08:00:00,cpu_usage,61.97
2026-01-31T08:00:00,request_latency_ms,197.68
2026-01-31T09:00:00,cpu_usage,55.49
2026-01-31T09:00:00,request_latency_ms,195.06
2026-01-31T10:00:00,cpu_usage,59.36
2026-01-31T10:00:00,request_latency_ms,186.13
2026-01-31T11:00:00,cpu_usage,56.60
2026-01-31T11:00:00,request_latency_ms,183.36
2026-01-31T12:00:00,cpu_usage,55.62
2026-01-31T12:00:00,request_latency_ms,186.79
2026-01-31T13:00:00,cpu_usage,60.38
2026-01-31T13:00:00,request_latency_ms,195.86
2026-01-31T14:00:00,cpu_usage,59.61
2026-01-31T14:00:00,request_latency_ms,183.66
2026-01-31T15:00:00,cpu_usage,61.35
2026-01-31T15:00:00,request_latency_ms,180.63
2026-01-31T16:00:00,cpu_usage,59.03
2026-01-31T16:00:00,request_latency_ms,192.99
2026-01-31T17:00:00,cpu_usage,61.86
2026-01-31T17:00:00,request_latency_ms,196.39
2026-01-31T18:00:00,cpu_usage,58.42
2026-01-31T18:00:00,request_latency_ms,188.91
2026-01-31T19:00:00,cpu_usage,58.29
2026-01-31T19:00:00,request_latency_ms,180.79
2026-01-31T20:00:00,cpu_usage,61.98
2026-01-31T20:00:00,request_latency_ms,181.91
2026-01-31T21:00:00,cpu_usage,55.46
2026-01-31T21:00:00,request_latency_ms,192.79
2026-01-31T22:00:00,cpu_usage,57.26
2026-01-31T22:00:00,request_latency_ms,197.23
2026-01-31T23:00:00,cpu_usage,55.39
2026-01-31T23:00:00,request_latency_ms,198.78
2026-02-01T00:00:00,cpu_usage,57.09
2026-02-01T00:00:00,request_latency_ms,199.75
2026-02-01T01:00:00,cpu_usage,59.61
2026-02-01T01:00:00,request_latency_ms,196.52
2026-02-01T02:00:00,cpu_usage,56.09
2026-02-01T02:00:00,request_latency_ms,199.14
2026-02-01T03:00:00,cpu_usage,59.80
2026-02-01T03:00:00,request_latency_ms,194.56
2026-02-01T04:00:00,cpu_usage,61.16
2026-02-01T04:00:00,request_latency_ms,187.80
2026-02-01T05:00:00,cpu_usage,56.64
2026-02-01T05:00:00,request_latency_ms,185.45
2026-02-01T06:00:00,cpu_usage,55.08
2026-02-01T06:00:00,request_latency_ms,184.51
2026-02-01T07:00:00,cpu_usage,56.89
2026-02-01T07:00:00,request_latency_ms,180.66
2026-02-01T08:00:00,cpu_usage,57.77
2026-02-01T08:00:00,request_latency_ms,196.71
2026-02-01T09:00:00,cpu_usage,56.99
2026-02-01T09:00:00,request_latency_ms,182.65
2026-02-01T10:00:00,cpu_usage,62.44
2026-02-01T10:00:00,request_latency_ms,193.69
2026-02-01T11:00:00,cpu_usage,57.94
2026-02-01T11:00:00,request_latency_ms,189.67
2026-02-01T12:00:00,cpu_usage,58.44
2026-02-01T12:00:00,request_latency_ms,181.90
2026-02-01T13:00:00,cpu_usage,62.75
2026-02-01T13:00:00,request_latency_ms,181.09
2026-02-01T14:00:00,cpu_usage,60.76
2026-02-01T14:00:00,request_latency_ms,187.10
2026-02-01T15:00:00,cpu_usage,58.92
2026-02-01T15:00:00,request_latency_ms,191.32
2026-02-01T16:00:00,cpu_usage,57.35
2026-02-01T16:00:00,request_latency_ms,199.72
2026-02-01T17:00:00,cpu_usage,60.86
2026-02-01T17:00:00,request_latency_ms,197.95
2026-02-01T18:00:00,cpu_usage,61.63
2026-02-01T18:00:00,request_latency_ms,198.34
2026-02-01T19:00:00,cpu_usage,57.18
2026-02-01T19:00:00,request_latency_ms,194.67
2026-02-01T20:00:00,cpu_usage,61.64
2026-02-01T20:00:00,request_latency_ms,199.21
2026-02-01T21:00:00,cpu_usage,56.36
2026-02-01T21:00:00,request_latency_ms,198.72
2026-02-01T22:00:00,cpu_usage,58.86
2026-02-01T22:00:00,request_latency_ms,187.42
2026-02-01T23:00:00,cpu_usage,56.89
2026-02-01T23:00:00,request_latency_ms,183.35
2026-02-02T00:00:00,cpu_usage,61.81
2026-02-02T00:00:00,request_latency_ms,197.88
2026-02-02T01:00:00,cpu_usage,60.12
2026-02-02T01:00:00,request_latency_ms,192.45
2026-02-02T02:00:00,cpu_usage,60.47
2026-02-02T02:00:00,request_latency_ms,182.49
2026-02-02T03:00:00,cpu_usage,62.71
2026-02-02T03:00:00,request_latency_ms,197.12
2026-02-02T04:00:00,cpu_usage,60.94
2026-02-02T04:00:00,request_latency_ms,195.93
2026-02-02T05:00:00,cpu_usage,61.03
2026-02-02T05:00:00,request_latency_ms,197.87
2026-02-02T06:00:00,cpu_usage,56.52
2026-02-02T06:00:00,request_latency_ms,198.61
2026-02-02T07:00:00,cpu_usage,62.41
2026-02-02T07:00:00,request_latency_ms,191.33
2026-02-02T08:00:00,cpu_usage,59.70
2026-02-02T08:00:00,request_latency_ms,199.80
2026-02-02T09:00:00,cpu_usage,57.25
2026-02-02T09:00:00,request_latency_ms,180.68
2026-02-02T10:00:00,cpu_usage,58.73
2026-02-02T10:00:00,request_latency_ms,180.88
2026-02-02T11:00:00,cpu_usage,58.64
2026-02-02T11:00:00,request_latency_ms,193.45
2026-02-02T12:00:00,cpu_usage,62.75
2026-02-02T12:00:00,request_latency_ms,198.71
2026-02-02T13:00:00,cpu_usage,61.66
2026-02-02T13:00:00,request_latency_ms,190.23
2026-02-02T14:00:00,cpu_usage,58.55
2026-02-02T14:00:00,request_latency_ms,181.52
2026-02-02T15:00:00,cpu_usage,56.85
2026-02-02T15:00:00,request_latency_ms,180.52
2026-02-02T16:00:00,cpu_usage,57.72
2026-02-02T16:00:00,request_latency_ms,190.51
2026-02-02T17:00:00,cpu_usage,60.53
2026-02-02T17:00:00,request_latency_ms,188.45
2026-02-02T18:00:00,cpu_usage,59.82
2026-02-02T18:00:00,request_latency_ms,194.02
2026-02-02T19:00:00,cpu_usage,62.69
2026-02-02T19:00:00,request_latency_ms,198.66
2026-02-02T20:00:00,cpu_usage,58.05
2026-02-02T20:00:00,request_latency_ms,186.54
2026-02-02T21:00:00,cpu_usage,55.84
2026-02-02T21:00:00,request_latency_ms,191.01
2026-02-02T22:00:00,cpu_usage,56.19
2026-02-02T22:00:00,request_latency_ms,194.13
2026-02-02T23:00:00,cpu_usage,57.10
2026-02-02T23:00:00,request_latency_ms,196.24
2026-02-03T00:00:00,cpu_usage,62.48
2026-02-03T00:00:00,request_latency_ms,183.99
2026-02-03T01:00:00,cpu_usage,60.51
2026-02-03T01:00:00,request_latency_ms,182.54
2026-02-03T02:00:00,cpu_usage,62.44
2026-02-03T02:00:00,request_latency_ms,182.60
2026-02-03T03:00:00,cpu_usage,58.58
2026-02-03T03:00:00,request_latency_ms,183.40
2026-02-03T04:00:00,cpu_usage,62.13
2026-02-03T04:00:00,request_latency_ms,195.93
2026-02-03T05:00:00,cpu_usage,58.30
2026-02-03T05:00:00,request_latency_ms,199.34
2026-02-03T06:00:00,cpu_usage,55.21
2026-02-03T06:00:00,request_latency_ms,198.18
2026-02-03T07:00:00,cpu_usage,60.42
2026-02-03T07:00:00,request_latency_ms,195.27
2026-02-03T08:00:00,cpu_usage,67.52
2026-02-03T08:00:00,request_latency_ms,196.41
2026-02-03T09:00:00,cpu_usage,59.55
2026-02-03T09:00:00,request_latency_ms,191.24
2026-02-03T10:00:00,cpu_usage,60.10
2026-02-03T10:00:00,request_latency_ms,180.61
2026-02-03T11:00:00,cpu_usage,57.40
2026-02-03T11:00:00,request_latency_ms,195.88
2026-02-03T12:00:00,cpu_usage,59.15
2026-02-03T12:00:00,request_latency_ms,191.85
2026-02-03T13:00:00,cpu_usage,61.03
2026-02-03T13:00:00,request_latency_ms,186.54
2026-02-03T14:00:00,cpu_usage,62.64
2026-02-03T14:00:00,request_latency_ms,183.24
2026-02-03T15:00:00,cpu_usage,56.40
2026-02-03T15:00:00,request_latency_ms,185.91
2026-02-03T16:00:00,cpu_usage,59.46
2026-02-03T16:00:00,request_latency_ms,186.70
2026-02-03T17:00:00,cpu_usage,62.03
2026-02-03T17:00:00,request_latency_ms,199.22
2026-02-03T18:00:00,cpu_usage,56.41
2026-02-03T18:00:00,request_latency_ms,190.18
2026-02-03T19:00:00,cpu_usage,55.56
2026-02-03T19:00:00,request_latency_ms,192.12
2026-02-03T20:00:00,cpu_usage,55.86
2026-02-03T20:00:00,request_latency_ms,188.80
2026-02-03T21:00:00,cpu_usage,56.97
2026-02-03T21:00:00,request_latency_ms,180.44
2026-02-03T22:00:00,cpu_usage,62.38
2026-02-03T22:00:00,request_latency_ms,187.61
2026-02-03T23:00:00,cpu_usage,55.35
2026-02-03T23:00:00,request_latency_ms,189.42
2026-02-04T00:00:00,cpu_usage,55.79
2026-02-04T00:00:00,request_latency_ms,192.87
2026-02-04T01:00:00,cpu_usage,62.69
2026-02-04T01:00:00,request_latency_ms,183.15
2026-02-04T02:00:00,cpu_usage,61.38
2026-02-04T02:00:00,request_latency_ms,192.63
2026-02-04T03:00:00,cpu_usage,55.13
2026-02-04T03:00:00,request_latency_ms,198.80
2026-02-04T04:00:00,cpu_usage,60.82
2026-02-04T04:00:00,request_latency_ms,182.31
2026-02-04T05:00:00,cpu_usage,56.92
2026-02-04T05:00:00,request_latency_ms,197.54
2026-02-04T06:00:00,cpu_usage,55.28
2026-02-04T06:00:00,request_latency_ms,195.55
2026-02-04T07:00:00,cpu_usage,59.10
2026-02-04T07:00:00,request_latency_ms,182.19
2026-02-04T08:00:00,cpu_usage,56.78
2026-02-04T08:00:00,request_latency_ms,195.49
2026-02-04T09:00:00,cpu_usage,57.61
2026-02-04T09:00:00,request_latency_ms,180.47
2026-02-04T10:00:00,cpu_usage,55.21
2026-02-04T10:00:00,request_latency_ms,188.08
2026-02-04T11:00:00,cpu_usage,55.35
2026-02-04T11:00:00,request_latency_ms,181.70
2026-02-04T12:00:00,cpu_usage,56.14
2026-02-04T12:00:00,request_latency_ms,185.89
2026-02-04T13:00:00,cpu_usage,60.25
2026-02-04T13:00:00,request_latency_ms,189.62
2026-02-04T14:00:00,cpu_usage,61.78
2026-02-04T14:00:00,request_latency_ms,189.32
2026-02-04T15:00:00,cpu_usage,61.78
2026-02-04T15:00:00,request_latency_ms,195.89
2026-02-04T16:00:00,cpu_usage,63.00
2026-02-04T16:00:00,request_latency_ms,195.35
2026-02-04T17:00:00,cpu_usage,56.81
2026-02-04T17:00:00,request_latency_ms,196.53
2026-02-04T18:00:00,cpu_usage,61.60
2026-02-04T18:00:00,request_latency_ms,182.71
2026-02-04T19:00:00,cpu_usage,61.32
2026-02-04T19:00:00,request_latency_ms,183.13
2026-02-04T20:00:00,cpu_usage,60.15
2026-02-04T20:00:00,request_latency_ms,181.81
2026-02-04T21:00:00,cpu_usage,59.94
2026-02-04T21:00:00,request_latency_ms,192.88
2026-02-04T22:00:00,cpu_usage,57.18
2026-02-04T22:00:00,request_latency_ms,195.75
2026-02-04T23:00:00,cpu_usage,62.05
2026-02-04T23:00:00,request_latency_ms,192.40
2026-02-05T00:00:00,cpu_usage,61.67
2026-02-05T00:00:00,request_latency_ms,191.65
2026-02-05T01:00:00,cpu_usage,55.21
2026-02-05T01:00:00,request_latency_ms,193.23
2026-02-05T02:00:00,cpu_usage,60.41
2026-02-05T02:00:00,request_latency_ms,187.02
2026-02-05T03:00:00,cpu_usage,59.53
2026-02-05T03:00:00,request_latency_ms,196.04
2026-02-05T04:00:00,cpu_usage,60.34
2026-02-05T04:00:00,request_latency_ms,192.42
2026-02-05T05:00:00,cpu_usage,59.39
2026-02-05T05:00:00,request_latency_ms,188.72
2026-02-05T06:00:00,cpu_usage,59.27
2026-02-05T06:00:00,request_latency_ms,184.16
2026-02-05T07:00:00,cpu_usage,61.18
2026-02-05T07:00:00,request_latency_ms,181.17
2026-02-05T08:00:00,cpu_usage,61.21
2026-02-05T08:00:00,request_latency_ms,181.85
2026-02-05T09:00:00,cpu_usage,56.54
2026-02-05T09:00:00,request_latency_ms,192.39
2026-02-05T10:00:00,cpu_usage,62.82
2026-02-05T10:00:00,request_latency_ms,186.49
2026-02-05T11:00:00,cpu_usage,57.88
2026-02-05T11:00:00,request_latency_ms,192.32
2026-02-05T12:00:00,cpu_usage,57.71
2026-02-05T12:00:00,request_latency_ms,185.56
2026-02-05T13:00:00,cpu_usage,57.11
2026-02-05T13:00:00,request_latency_ms,185.70
2026-02-05T14:00:00,cpu_usage,58.03
2026-02-05T14:00:00,request_latency_ms,181.12
2026-02-05T15:00:00,cpu_usage,57.42
2026-02-05T15:00:00,request_latency_ms,193.20
2026-02-05T16:00:00,cpu_usage,59.97
2026-02-05T16:00:00,request_latency_ms,181.14
2026-02-05T17:00:00,cpu_usage,61.32
2026-02-05T17:00:00,request_latency_ms,197.65
2026-02-05T18:00:00,cpu_usage,57.40
2026-02-05T18:00:00,request_latency_ms,191.33
2026-02-05T19:00:00,cpu_usage,58.36
2026-02-05T19:00:00,request_latency_ms,196.08
2026-02-05T20:00:00,cpu_usage,55.56
2026-02-05T20:00:00,request_latency_ms,181.62
2026-02-05T21:00:00,cpu_usage,55.80
2026-02-05T21:00:00,request_latency_ms,196.54
2026-02-05T22:00:00,cpu_usage,58.38
2026-02-05T22:00:00,request_latency_ms,182.64
2026-02-05T23:00:00,cpu_usage,57.68
2026-02-05T23:00:00,request_latency_ms,188.31
2026-02-06T00:00:00,cpu_usage,59.78
2026-02-06T00:00:00,request_latency_ms,193.27
2026-02-06T01:00:00,cpu_usage,61.74
2026-02-06T01:00:00,request_latency_ms,199.37
2026-02-06T02:00:00,cpu_usage,59.01
2026-02-06T02:00:00,request_latency_ms,180.11
2026-02-06T03:00:00,cpu_usage,61.67
2026-02-06T03:00:00,request_latency_ms,194.17
2026-02-06T04:00:00,cpu_usage,57.63
2026-02-06T04:00:00,request_latency_ms,185.38
2026-02-06T05:00:00,cpu_usage,60.22
2026-02-06T05:00:00,request_latency_ms,182.56
2026-02-06T06:00:00,cpu_usage,62.84
2026-02-06T06:00:00,request_latency_ms,193.24
2026-02-06T07:00:00,cpu_usage,60.30
2026-02-06T07:00:00,request_latency_ms,183.04
2026-02-06T08:00:00,cpu_usage,59.64
2026-02-06T08:00:00,request_latency_ms,187.09
2026-02-06T09:00:00,cpu_usage,55.75
2026-02-06T09:00:00,request_latency_ms,187.05
2026-02-06T10:00:00,cpu_usage,57.16
2026-02-06T10:00:00,request_latency_ms,185.60
2026-02-06T11:00:00,cpu_usage,60.96
2026-02-06T11:00:00,request_latency_ms,196.93
2026-02-06T12:00:00,cpu_usage,60.83
2026-02-06T12:00:00,request_latency_ms,184.23
2026-02-06T13:00:00,cpu_usage,59.85
2026-02-06T13:00:00,request_latency_ms,196.94
2026-02-06T14:00:00,cpu_usage,57.24
2026-02-06T14:00:00,request_latency_ms,194.17
2026-02-06T15:00:00,cpu_usage,61.41
2026-02-06T15:00:00,request_latency_ms,198.37
2026-02-06T16:00:00,cpu_usage,62.99
2026-02-06T16:00:00,request_latency_ms,187.15
2026-02-06T17:00:00,cpu_usage,60.04
2026-02-06T17:00:00,request_latency_ms,186.65
2026-02-06T18:00:00,cpu_usage,60.55
2026-02-06T18:00:00,request_latency_ms,183.31
2026-02-06T19:00:00,cpu_usage,58.35
2026-02-06T19:00:00,request_latency_ms,198.80
2026-02-06T20:00:00,cpu_usage,56.31
2026-02-06T20:00:00,request_latency_ms,186.45
2026-02-06T21:00:00,cpu_usage,60.76
2026-02-06T21:00:00,request_latency_ms,194.99
2026-02-06T22:00:00,cpu_usage,61.15
2026-02-06T22:00:00,request_latency_ms,188.33
2026-02-06T23:00:00,cpu_usage,62.14
2026-02-06T23:00:00,request_latency_ms,188.10
2026-02-07T00:00:00,cpu_usage,62.19
2026-02-07T00:00:00,request_latency_ms,198.25
2026-02-07T01:00:00,cpu_usage,56.30
2026-02-07T01:00:00,request_latency_ms,189.92
2026-02-07T02:00:00,cpu_usage,56.50
2026-02-07T02:00:00,request_latency_ms,191.48
2026-02-07T03:00:00,cpu_usage,60.27
2026-02-07T03:00:00,request_latency_ms,188.11
2026-02-07T04:00:00,cpu_usage,59.05
2026-02-07T04:00:00,request_latency_ms,185.88
2026-02-07T05:00:00,cpu_usage,60.87
2026-02-07T05:00:00,request_latency_ms,196.89
2026-02-07T06:00:00,cpu_usage,60.06
2026-02-07T06:00:00,request_latency_ms,186.29
2026-02-07T07:00:00,cpu_usage,61.78
2026-02-07T07:00:00,request_latency_ms,194.38
2026-02-07T08:00:00,cpu_usage,59.05
2026-02-07T08:00:00,request_latency_ms,185.47
2026-02-07T09:00:00,cpu_usage,61.16
2026-02-07T09:00:00,request_latency_ms,184.59
2026-02-07T10:00:00,cpu_usage,55.69
2026-02-07T10:00:00,request_latency_ms,183.27
2026-02-07T11:00:00,cpu_usage,55.35
2026-02-07T11:00:00,request_latency_ms,190.68
2026-02-07T12:00:00,cpu_usage,60.92
2026-02-07T12:00:00,request_latency_ms,270.31
2026-02-07T13:00:00,cpu_usage,58.76
2026-02-07T13:00:00,request_latency_ms,195.30
2026-02-07T14:00:00,cpu_usage,61.92
2026-02-07T14:00:00,request_latency_ms,188.60
2026-02-07T15:00:00,cpu_usage,58.37
2026-02-07T15:00:00,request_latency_ms,195.65
2026-02-07T16:00:00,cpu_usage,60.09
2026-02-07T16:00:00,request_latency_ms,187.28
2026-02-07T17:00:00,cpu_usage,55.19
2026-02-07T17:00:00,request_latency_ms,189.96
2026-02-07T18:00:00,cpu_usage,56.18
2026-02-07T18:00:00,request_latency_ms,198.44
2026-02-07T19:00:00,cpu_usage,61.32
2026-02-07T19:00:00,request_latency_ms,187.54
2026-02-07T20:00:00,cpu_usage,56.62
2026-02-07T20:00:00,request_latency_ms,198.14
2026-02-07T21:00:00,cpu_usage,56.82
2026-02-07T21:00:00,request_latency_ms,188.40
2026-02-07T22:00:00,cpu_usage,55.89
2026-02-07T22:00:00,request_latency_ms,185.66
2026-02-07T23:00:00,cpu_usage,55.25
2026-02-07T23:00:00,request_latency_ms,189.15
2026-02-08T00:00:00,cpu_usage,58.06
2026-02-08T00:00:00,request_latency_ms,182.96
2026-02-08T01:00:00,cpu_usage,58.87
2026-02-08T01:00:00,request_latency_ms,193.17
2026-02-08T02:00:00,cpu_usage,57.32
2026-02-08T02:00:00,request_latency_ms,184.95
2026-02-08T03:00:00,cpu_usage,60.79
2026-02-08T03:00:00,request_latency_ms,185.60
2026-02-08T04:00:00,cpu_usage,61.28
2026-02-08T04:00:00,request_latency_ms,185.65
2026-02-08T05:00:00,cpu_usage,62.85
2026-02-08T05:00:00,request_latency_ms,198.04
2026-02-08T06:00:00,cpu_usage,58.15
2026-02-08T06:00:00,request_latency_ms,194.49
2026-02-08T07:00:00,cpu_usage,59.81
2026-02-08T07:00:00,request_latency_ms,193.86
2026-02-08T08:00:00,cpu_usage,57.75
2026-02-08T08:00:00,request_latency_ms,187.52
2026-02-08T09:00:00,cpu_usage,56.89
2026-02-08T09:00:00,request_latency_ms,185.24
2026-02-08T10:00:00,cpu_usage,61.12
2026-02-08T10:00:00,request_latency_ms,197.90
2026-02-08T11:00:00,cpu_usage,58.82
2026-02-08T11:00:00,request_latency_ms,196.34
2026-02-08T12:00:00,cpu_usage,58.20
2026-02-08T12:00:00,request_latency_ms,196.42
2026-02-08T13:00:00,cpu_usage,60.41
2026-02-08T13:00:00,request_latency_ms,181.55
2026-02-08T14:00:00,cpu_usage,59.95
2026-02-08T14:00:00,request_latency_ms,197.95
2026-02-08T15:00:00,cpu_usage,58.07
2026-02-08T15:00:00,request_latency_ms,181.98
2026-02-08T16:00:00,cpu_usage,62.14
2026-02-08T16:00:00,request_latency_ms,199.62
2026-02-08T17:00:00,cpu_usage,61.40
2026-02-08T17:00:00,request_latency_ms,194.22
2026-02-08T18:00:00,cpu_usage,61.67
2026-02-08T18:00:00,request_latency_ms,195.82
2026-02-08T19:00:00,cpu_usage,58.42
2026-02-08T19:00:00,request_latency_ms,192.32
2026-02-08T20:00:00,cpu_usage,56.63
2026-02-08T20:00:00,request_latency_ms,195.52
2026-02-08T21:00:00,cpu_usage,55.38
2026-02-08T21:00:00,request_latency_ms,191.12
2026-02-08T22:00:00,cpu_usage,62.74
2026-02-08T22:00:00,request_latency_ms,182.51
2026-02-08T23:00:00,cpu_usage,58.15
2026-02-08T23:00:00,request_latency_ms,199.15
2026-02-09T00:00:00,cpu_usage,56.20
2026-02-09T00:00:00,request_latency_ms,185.37
2026-02-09T01:00:00,cpu_usage,61.17
2026-02-09T01:00:00,request_latency_ms,180.42
2026-02-09T02:00:00,cpu_usage,62.18
2026-02-09T02:00:00,request_latency_ms,188.94
2026-02-09T03:00:00,cpu_usage,55.39
2026-02-09T03:00:00,request_latency_ms,190.16
2026-02-09T04:00:00,cpu_usage,55.26
2026-02-09T04:00:00,request_latency_ms,182.90
2026-02-09T05:00:00,cpu_usage,57.00
2026-02-09T05:00:00,request_latency_ms,187.57
2026-02-09T06:00:00,cpu_usage,56.38
2026-02-09T06:00:00,request_latency_ms,198.66
2026-02-09T07:00:00,cpu_usage,56.03
2026-02-09T07:00:00,request_latency_ms,196.00
2026-02-09T08:00:00,cpu_usage,56.00
2026-02-09T08:00:00,request_latency_ms,187.25
2026-02-09T09:00:00,cpu_usage,61.82
2026-02-09T09:00:00,request_latency_ms,185.07
2026-02-09T10:00:00,cpu_usage,58.48
2026-02-09T10:00:00,request_latency_ms,191.99
2026-02-09T11:00:00,cpu_usage,61.58
2026-02-09T11:00:00,request_latency_ms,188.37
2026-02-09T12:00:00,cpu_usage,56.87
2026-02-09T12:00:00,request_latency_ms,187.89
2026-02-09T13:00:00,cpu_usage,56.99
2026-02-09T13:00:00,request_latency_ms,195.20
2026-02-09T14:00:00,cpu_usage,61.69
2026-02-09T14:00:00,request_latency_ms,192.46
2026-02-09T15:00:00,cpu_usage,58.32
2026-02-09T15:00:00,request_latency_ms,185.99
2026-02-09T16:00:00,cpu_usage,55.63
2026-02-09T16:00:00,request_latency_ms,183.68
2026-02-09T17:00:00,cpu_usage,59.78
2026-02-09T17:00:00,request_latency_ms,193.76
2026-02-09T18:00:00,cpu_usage,60.36
2026-02-09T18:00:00,request_latency_ms,181.52
2026-02-09T19:00:00,cpu_usage,59.68
2026-02-09T19:00:00,request_latency_ms,189.54
2026-02-09T20:00:00,cpu_usage,56.19
2026-02-09T20:00:00,request_latency_ms,198.65
2026-02-09T21:00:00,cpu_usage,57.06
2026-02-09T21:00:00,request_latency_ms,187.89
2026-02-09T22:00:00,cpu_usage,59.93
2026-02-09T22:00:00,request_latency_ms,183.22
2026-02-09T23:00:00,cpu_usage,58.21
2026-02-09T23:00:00,request_latency_ms,193.57
2026-02-10T00:00:00,cpu_usage,62.58
2026-02-10T00:00:00,request_latency_ms,191.46
2026-02-10T01:00:00,cpu_usage,61.38
2026-02-10T01:00:00,request_latency_ms,197.03
2026-02-10T02:00:00,cpu_usage,61.32
2026-02-10T02:00:00,request_latency_ms,192.98
2026-02-10T03:00:00,cpu_usage,57.88
2026-02-10T03:00:00,request_latency_ms,197.18
2026-02-10T04:00:00,cpu_usage,60.74
2026-02-10T04:00:00,request_latency_ms,199.26
2026-02-10T05:00:00,cpu_usage,56.96
2026-02-10T05:00:00,request_latency_ms,198.26
2026-02-10T06:00:00,cpu_usage,55.28
2026-02-10T06:00:00,request_latency_ms,190.28
2026-02-10T07:00:00,cpu_usage,56.34
2026-02-10T07:00:00,request_latency_ms,185.87
2026-02-10T08:00:00,cpu_usage,61.12
2026-02-10T08:00:00,request_latency_ms,182.58
2026-02-10T09:00:00,cpu_usage,62.68
2026-02-10T09:00:00,request_latency_ms,193.80
2026-02-10T10:00:00,cpu_usage,55.99
2026-02-10T10:00:00,request_latency_ms,180.07
2026-02-10T11:00:00,cpu_usage,57.73
2026-02-10T11:00:00,request_latency_ms,190.19
2026-02-10T12:00:00,cpu_usage,59.84
2026-02-10T12:00:00,request_latency_ms,185.78
2026-02-10T13:00:00,cpu_usage,55.88
2026-02-10T13:00:00,request_latency_ms,195.15
2026-02-10T14:00:00,cpu_usage,60.10
2026-02-10T14:00:00,request_latency_ms,188.44
2026-02-10T15:00:00,cpu_usage,60.11
2026-02-10T15:00:00,request_latency_ms,189.31
2026-02-10T16:00:00,cpu_usage,55.64
2026-02-10T16:00:00,request_latency_ms,196.55
2026-02-10T17:00:00,cpu_usage,58.75
2026-02-10T17:00:00,request_latency_ms,192.00
2026-02-10T18:00:00,cpu_usage,61.02
2026-02-10T18:00:00,request_latency_ms,194.97
2026-02-10T19:00:00,cpu_usage,61.28
2026-02-10T19:00:00,request_latency_ms,193.52
2026-02-10T20:00:00,cpu_usage,56.97
2026-02-10T20:00:00,request_latency_ms,194.31
2026-02-10T21:00:00,cpu_usage,57.23
2026-02-10T21:00:00,request_latency_ms,182.59
2026-02-10T22:00:00,cpu_usage,55.19
2026-02-10T22:00:00,request_latency_ms,182.79
2026-02-10T23:00:00,cpu_usage,57.85
2026-02-10T23:00:00,request_latency_ms,194.22
2026-02-11T00:00:00,cpu_usage,59.96
2026-02-11T00:00:00,request_latency_ms,199.02
2026-02-11T01:00:00,cpu_usage,60.24
2026-02-11T01:00:00,request_latency_ms,181.42
2026-02-11T02:00:00,cpu_usage,57.60
2026-02-11T02:00:00,request_latency_ms,194.20
2026-02-11T03:00:00,cpu_usage,55.02
2026-02-11T03:00:00,request_latency_ms,187.54
2026-02-11T04:00:00,cpu_usage,55.56
2026-02-11T04:00:00,request_latency_ms,189.48
2026-02-11T05:00:00,cpu_usage,57.83
2026-02-11T05:00:00,request_latency_ms,189.71
2026-02-11T06:00:00,cpu_usage,61.24
2026-02-11T06:00:00,request_latency_ms,181.77
2026-02-11T07:00:00,cpu_usage,56.65
2026-02-11T07:00:00,request_latency_ms,191.90
2026-02-11T08:00:00,cpu_usage,56.26
2026-02-11T08:00:00,request_latency_ms,197.34
2026-02-11T09:00:00,cpu_usage,59.51
2026-02-11T09:00:00,request_latency_ms,198.43
2026-02-11T10:00:00,cpu_usage,58.74
2026-02-11T10:00:00,request_latency_ms,194.73
2026-02-11T11:00:00,cpu_usage,57.99
2026-02-11T11:00:00,request_latency_ms,186.73
2026-02-11T12:00:00,cpu_usage,57.30
2026-02-11T12:00:00,request_latency_ms,185.89
2026-02-11T13:00:00,cpu_usage,57.98
2026-02-11T13:00:00,request_latency_ms,196.31
2026-02-11T14:00:00,cpu_usage,60.21
2026-02-11T14:00:00,request_latency_ms,185.31
2026-02-11T15:00:00,cpu_usage,62.69
2026-02-11T15:00:00,request_latency_ms,182.23
2026-02-11T16:00:00,cpu_usage,71.87
2026-02-11T16:00:00,request_latency_ms,182.69
2026-02-11T17:00:00,cpu_usage,57.54
2026-02-11T17:00:00,request_latency_ms,186.54
2026-02-11T18:00:00,cpu_usage,61.88
2026-02-11T18:00:00,request_latency_ms,188.90
2026-02-11T19:00:00,cpu_usage,55.70
2026-02-11T19:00:00,request_latency_ms,192.29
2026-02-11T20:00:00,cpu_usage,62.19
2026-02-11T20:00:00,request_latency_ms,189.81
2026-02-11T21:00:00,cpu_usage,61.48
2026-02-11T21:00:00,request_latency_ms,198.14
2026-02-11T22:00:00,cpu_usage,57.79
2026-02-11T22:00:00,request_latency_ms,198.77
2026-02-11T23:00:00,cpu_usage,57.35
2026-02-11T23:00:00,request_latency_ms,190.43
2026-02-12T00:00:00,cpu_usage,62.29
2026-02-12T00:00:00,request_latency_ms,181.96
2026-02-12T01:00:00,cpu_usage,56.02
2026-02-12T01:00:00,request_latency_ms,197.16
2026-02-12T02:00:00,cpu_usage,60.43
2026-02-12T02:00:00,request_latency_ms,191.82
2026-02-12T03:00:00,cpu_usage,62.40
2026-02-12T03:00:00,request_latency_ms,192.24
2026-02-12T04:00:00,cpu_usage,55.05
2026-02-12T04:00:00,request_latency_ms,180.59
2026-02-12T05:00:00,cpu_usage,60.50
2026-02-12T05:00:00,request_latency_ms,190.99
2026-02-12T06:00:00,cpu_usage,62.33
2026-02-12T06:00:00,request_latency_ms,184.51
2026-02-12T07:00:00,cpu_usage,60.44
2026-02-12T07:00:00,request_latency_ms,198.14
2026-02-12T08:00:00,cpu_usage,57.76
2026-02-12T08:00:00,request_latency_ms,198.85
2026-02-12T09:00:00,cpu_usage,59.49
2026-02-12T09:00:00,request_latency_ms,184.53
2026-02-12T10:00:00,cpu_usage,55.54
2026-02-12T10:00:00,request_latency_ms,196.27
2026-02-12T11:00:00,cpu_usage,58.36
2026-02-12T11:00:00,request_latency_ms,183.66
2026-02-12T12:00:00,cpu_usage,58.04
2026-02-12T12:00:00,request_latency_ms,180.86
2026-02-12T13:00:00,cpu_usage,57.78
2026-02-12T13:00:00,request_latency_ms,180.94
2026-02-12T14:00:00,cpu_usage,58.47
2026-02-12T14:00:00,request_latency_ms,185.61
2026-02-12T15:00:00,cpu_usage,59.82
2026-02-12T15:00:00,request_latency_ms,191.24
2026-02-12T16:00:00,cpu_usage,56.38
2026-02-12T16:00:00,request_latency_ms,196.58
2026-02-12T17:00:00,cpu_usage,57.03
2026-02-12T17:00:00,request_latency_ms,192.31
2026-02-12T18:00:00,cpu_usage,61.84
2026-02-12T18:00:00,request_latency_ms,187.49
2026-02-12T19:00:00,cpu_usage,62.83
2026-02-12T19:00:00,request_latency_ms,199.85
2026-02-12T20:00:00,cpu_usage,61.51
2026-02-12T20:00:00,request_latency_ms,192.32
2026-02-12T21:00:00,cpu_usage,60.93
2026-02-12T21:00:00,request_latency_ms,197.74
2026-02-12T22:00:00,cpu_usage,55.29
2026-02-12T22:00:00,request_latency_ms,199.91
2026-02-12T23:00:00,cpu_usage,57.98
2026-02-12T23:00:00,request_latency_ms,197.50
2026-02-13T00:00:00,cpu_usage,56.53
2026-02-13T00:00:00,request_latency_ms,187.38
2026-02-13T01:00:00,cpu_usage,61.79
2026-02-13T01:00:00,request_latency_ms,189.28
2026-02-13T02:00:00,cpu_usage,58.01
2026-02-13T02:00:00,request_latency_ms,194.41
2026-02-13T03:00:00,cpu_usage,62.48
2026-02-13T03:00:00,request_latency_ms,187.68
2026-02-13T04:00:00,cpu_usage,61.22
2026-02-13T04:00:00,request_latency_ms,191.74
2026-02-13T05:00:00,cpu_usage,61.57
2026-02-13T05:00:00,request_latency_ms,190.53
2026-02-13T06:00:00,cpu_usage,58.16
2026-02-13T06:00:00,request_latency_ms,183.88
2026-02-13T07:00:00,cpu_usage,55.76
2026-02-13T07:00:00,request_latency_ms,198.72
2026-02-13T08:00:00,cpu_usage,60.98
2026-02-13T08:00:00,request_latency_ms,197.88
2026-02-13T09:00:00,cpu_usage,56.87
2026-02-13T09:00:00,request_latency_ms,192.19
2026-02-13T10:00:00,cpu_usage,57.50
2026-02-13T10:00:00,request_latency_ms,181.35
2026-02-13T11:00:00,cpu_usage,61.41
2026-02-13T11:00:00,request_latency_ms,186.90
2026-02-13T12:00:00,cpu_usage,60.22
2026-02-13T12:00:00,request_latency_ms,186.55
2026-02-13T13:00:00,cpu_usage,60.81
2026-02-13T13:00:00,request_latency_ms,181.84
2026-02-13T14:00:00,cpu_usage,56.93
2026-02-13T14:00:00,request_latency_ms,192.47
2026-02-13T15:00:00,cpu_usage,58.42
2026-02-13T15:00:00,request_latency_ms,199.87
2026-02-13T16:00:00,cpu_usage,59.83
2026-02-13T16:00:00,request_latency_ms,191.53
2026-02-13T17:00:00,cpu_usage,59.99
2026-02-13T17:00:00,request_latency_ms,186.07
2026-02-13T18:00:00,cpu_usage,59.46
2026-02-13T18:00:00,request_latency_ms,181.64
2026-02-13T19:00:00,cpu_usage,60.72
2026-02-13T19:00:00,request_latency_ms,194.01
2026-02-13T20:00:00,cpu_usage,56.66
2026-02-13T20:00:00,request_latency_ms,192.50
2026-02-13T21:00:00,cpu_usage,57.66
2026-02-13T21:00:00,request_latency_ms,184.03
2026-02-13T22:00:00,cpu_usage,62.19
2026-02-13T22:00:00,request_latency_ms,185.48
2026-02-13T23:00:00,cpu_usage,59.82
2026-02-13T23:00:00,request_latency_ms,181.32
2026-02-14T00:00:00,cpu_usage,61.80
2026-02-14T00:00:00,request_latency_ms,191.69
2026-02-14T01:00:00,cpu_usage,60.14
2026-02-14T01:00:00,request_latency_ms,183.24
2026-02-14T02:00:00,cpu_usage,59.19
2026-02-14T02:00:00,request_latency_ms,185.79
2026-02-14T03:00:00,cpu_usage,57.73
2026-02-14T03:00:00,request_latency_ms,196.61
2026-02-14T04:00:00,cpu_usage,55.57
2026-02-14T04:00:00,request_latency_ms,188.14
2026-02-14T05:00:00,cpu_usage,59.58
2026-02-14T05:00:00,request_latency_ms,198.30
2026-02-14T06:00:00,cpu_usage,55.70
2026-02-14T06:00:00,request_latency_ms,184.23
2026-02-14T07:00:00,cpu_usage,61.72
2026-02-14T07:00:00,request_latency_ms,189.77
2026-02-14T08:00:00,cpu_usage,60.30
2026-02-14T08:00:00,request_latency_ms,196.23
2026-02-14T09:00:00,cpu_usage,56.35
2026-02-14T09:00:00,request_latency_ms,197.36
2026-02-14T10:00:00,cpu_usage,55.78
2026-02-14T10:00:00,request_latency_ms,198.76
2026-02-14T11:00:00,cpu_usage,61.42
2026-02-14T11:00:00,request_latency_ms,187.81
2026-02-14T12:00:00,cpu_usage,56.40
2026-02-14T12:00:00,request_latency_ms,198.38
2026-02-14T13:00:00,cpu_usage,58.45
2026-02-14T13:00:00,request_latency_ms,191.06
2026-02-14T14:00:00,cpu_usage,60.64
2026-02-14T14:00:00,request_latency_ms,186.36
2026-02-14T15:00:00,cpu_usage,58.15
2026-02-14T15:00:00,request_latency_ms,182.47
2026-02-14T16:00:00,cpu_usage,59.56
2026-02-14T16:00:00,request_latency_ms,196.87
2026-02-14T17:00:00,cpu_usage,62.68
2026-02-14T17:00:00,request_latency_ms,197.27
2026-02-14T18:00:00,cpu_usage,55.50
2026-02-14T18:00:00,request_latency_ms,191.50
2026-02-14T19:00:00,cpu_usage,56.74
2026-02-14T19:00:00,request_latency_ms,185.84
2026-02-14T20:00:00,cpu_usage,55.54
2026-02-14T20:00:00,request_latency_ms,197.87
2026-02-14T21:00:00,cpu_usage,56.10
2026-02-14T21:00:00,request_latency_ms,188.74
2026-02-14T22:00:00,cpu_usage,62.61
2026-02-14T22:00:00,request_latency_ms,190.87
2026-02-14T23:00:00,cpu_usage,61.93
2026-02-14T23:00:00,request_latency_ms,199.59
2026-02-15T00:00:00,cpu_usage,59.41
2026-02-15T00:00:00,request_latency_ms,192.22
2026-02-15T01:00:00,cpu_usage,59.71
2026-02-15T01:00:00,request_latency_ms,180.65
2026-02-15T02:00:00,cpu_usage,60.19
2026-02-15T02:00:00,request_latency_ms,194.98
2026-02-15T03:00:00,cpu_usage,59.41
2026-02-15T03:00:00,request_latency_ms,191.95
2026-02-15T04:00:00,cpu_usage,62.87
2026-02-15T04:00:00,request_latency_ms,191.49
2026-02-15T05:00:00,cpu_usage,60.34
2026-02-15T05:00:00,request_latency_ms,193.92
2026-02-15T06:00:00,cpu_usage,61.53
2026-02-15T06:00:00,request_latency_ms,196.27
2026-02-15T07:00:00,cpu_usage,59.88
2026-02-15T07:00:00,request_latency_ms,195.95
2026-02-15T08:00:00,cpu_usage,56.28
2026-02-15T08:00:00,request_latency_ms,196.97
2026-02-15T09:00:00,cpu_usage,59.20
2026-02-15T09:00:00,request_latency_ms,181.21
2026-02-15T10:00:00,cpu_usage,57.58
2026-02-15T10:00:00,request_latency_ms,189.96
2026-02-15T11:00:00,cpu_usage,57.60
2026-02-15T11:00:00,request_latency_ms,194.34
2026-02-15T12:00:00,cpu_usage,57.61
2026-02-15T12:00:00,request_latency_ms,194.76
2026-02-15T13:00:00,cpu_usage,55.24
2026-02-15T13:00:00,request_latency_ms,197.82
2026-02-15T14:00:00,cpu_usage,57.31
2026-02-15T14:00:00,request_latency_ms,194.16
2026-02-15T15:00:00,cpu_usage,59.17
2026-02-15T15:00:00,request_latency_ms,185.10
2026-02-15T16:00:00,cpu_usage,55.03
2026-02-15T16:00:00,request_latency_ms,180.84
2026-02-15T17:00:00,cpu_usage,57.33
2026-02-15T17:00:00,request_latency_ms,197.51
2026-02-15T18:00:00,cpu_usage,58.50
2026-02-15T18:00:00,request_latency_ms,187.91
2026-02-15T19:00:00,cpu_usage,62.79
2026-02-15T19:00:00,request_latency_ms,182.64
2026-02-15T20:00:00,cpu_usage,59.12
2026-02-15T20:00:00,request_latency_ms,184.66
2026-02-15T21:00:00,cpu_usage,57.83
2026-02-15T21:00:00,request_latency_ms,186.27
2026-02-15T22:00:00,cpu_usage,62.59
2026-02-15T22:00:00,request_latency_ms,200.00
2026-02-15T23:00:00,cpu_usage,57.60
2026-02-15T23:00:00,request_latency_ms,195.50
2026-02-16T00:00:00,cpu_usage,60.12
2026-02-16T00:00:00,request_latency_ms,191.85
2026-02-16T01:00:00,cpu_usage,58.51
2026-02-16T01:00:00,request_latency_ms,192.39
2026-02-16T02:00:00,cpu_usage,57.84
2026-02-16T02:00:00,request_latency_ms,181.25
2026-02-16T03:00:00,cpu_usage,58.59
2026-02-16T03:00:00,request_latency_ms,190.86
2026-02-16T04:00:00,cpu_usage,58.84
2026-02-16T04:00:00,request_latency_ms,181.19
2026-02-16T05:00:00,cpu_usage,62.96
2026-02-16T05:00:00,request_latency_ms,191.38
2026-02-16T06:00:00,cpu_usage,62.62
2026-02-16T06:00:00,request_latency_ms,180.69
2026-02-16T07:00:00,cpu_usage,56.10
2026-02-16T07:00:00,request_latency_ms,192.01
2026-02-16T08:00:00,cpu_usage,56.64
2026-02-16T08:00:00,request_latency_ms,192.83
2026-02-16T09:00:00,cpu_usage,59.40
2026-02-16T09:00:00,request_latency_ms,185.08
2026-02-16T10:00:00,cpu_usage,60.17
2026-02-16T10:00:00,request_latency_ms,182.04
2026-02-16T11:00:00,cpu_usage,62.38
2026-02-16T11:00:00,request_latency_ms,192.68
2026-02-16T12:00:00,cpu_usage,58.91
2026-02-16T12:00:00,request_latency_ms,197.37
2026-02-16T13:00:00,cpu_usage,56.69
2026-02-16T13:00:00,request_latency_ms,181.29
2026-02-16T14:00:00,cpu_usage,55.08
2026-02-16T14:00:00,request_latency_ms,198.49
2026-02-16T15:00:00,cpu_usage,57.20
2026-02-16T15:00:00,request_latency_ms,192.71
2026-02-16T16:00:00,cpu_usage,61.72
2026-02-16T16:00:00,request_latency_ms,180.39
2026-02-16T17:00:00,cpu_usage,55.58
2026-02-16T17:00:00,request_latency_ms,192.59
2026-02-16T18:00:00,cpu_usage,62.12
2026-02-16T18:00:00,request_latency_ms,183.56
2026-02-16T19:00:00,cpu_usage,55.98
2026-02-16T19:00:00,request_latency_ms,189.81
2026-02-16T20:00:00,cpu_usage,55.31
2026-02-16T20:00:00,request_latency_ms,186.19
2026-02-16T21:00:00,cpu_usage,58.87
2026-02-16T21:00:00,request_latency_ms,184.12
2026-02-16T22:00:00,cpu_usage,62.22
2026-02-16T22:00:00,request_latency_ms,192.04
2026-02-16T23:00:00,cpu_usage,60.05
2026-02-16T23:00:00,request_latency_ms,181.69
2026-02-17T00:00:00,cpu_usage,56.00
2026-02-17T00:00:00,request_latency_ms,183.37
2026-02-17T01:00:00,cpu_usage,62.62
2026-02-17T01:00:00,request_latency_ms,183.81
2026-02-17T02:00:00,cpu_usage,55.21
2026-02-17T02:00:00,request_latency_ms,181.47
2026-02-17T03:00:00,cpu_usage,58.30
2026-02-17T03:00:00,request_latency_ms,194.00
2026-02-17T04:00:00,cpu_usage,61.78
2026-02-17T04:00:00,request_latency_ms,191.67
2026-02-17T05:00:00,cpu_usage,57.84
2026-02-17T05:00:00,request_latency_ms,185.40
2026-02-17T06:00:00,cpu_usage,57.55
2026-02-17T06:00:00,request_latency_ms,185.58
2026-02-17T07:00:00,cpu_usage,57.00
2026-02-17T07:00:00,request_latency_ms,181.35
2026-02-17T08:00:00,cpu_usage,57.77
2026-02-17T08:00:00,request_latency_ms,188.59
2026-02-17T09:00:00,cpu_usage,57.59
2026-02-17T09:00:00,request_latency_ms,192.40
2026-02-17T10:00:00,cpu_usage,60.39
2026-02-17T10:00:00,request_latency_ms,194.15
2026-02-17T11:00:00,cpu_usage,57.29
2026-02-17T11:00:00,request_latency_ms,198.66
2026-02-17T12:00:00,cpu_usage,62.67
2026-02-17T12:00:00,request_latency_ms,192.37
2026-02-17T13:00:00,cpu_usage,56.97
2026-02-17T13:00:00,request_latency_ms,196.26
2026-02-17T14:00:00,cpu_usage,58.33
2026-02-17T14:00:00,request_latency_ms,186.93
2026-02-17T15:00:00,cpu_usage,58.77
2026-02-17T15:00:00,request_latency_ms,190.08
2026-02-17T16:00:00,cpu_usage,55.61
2026-02-17T16:00:00,request_latency_ms,196.14
2026-02-17T17:00:00,cpu_usage,57.86
2026-02-17T17:00:00,request_latency_ms,193.68
2026-02-17T18:00:00,cpu_usage,56.02
2026-02-17T18:00:00,request_latency_ms,182.16
2026-02-17T19:00:00,cpu_usage,62.84
2026-02-17T19:00:00,request_latency_ms,197.60
2026-02-17T20:00:00,cpu_usage,60.41
2026-02-17T20:00:00,request_latency_ms,198.53
2026-02-17T21:00:00,cpu_usage,55.51
2026-02-17T21:00:00,request_latency_ms,197.90
2026-02-17T22:00:00,cpu_usage,62.97
2026-02-17T22:00:00,request_latency_ms,199.81
2026-02-17T23:00:00,cpu_usage,62.39
2026-02-17T23:00:00,request_latency_ms,186.18
2026-02-18T00:00:00,cpu_usage,61.54
2026-02-18T00:00:00,request_latency_ms,182.78
2026-02-18T01:00:00,cpu_usage,56.64
2026-02-18T01:00:00,request_latency_ms,198.15
2026-02-18T02:00:00,cpu_usage,61.33
2026-02-18T02:00:00,request_latency_ms,185.11
2026-02-18T03:00:00,cpu_usage,57.26
2026-02-18T03:00:00,request_latency_ms,195.70
2026-02-18T04:00:00,cpu_usage,58.36
2026-02-18T04:00:00,request_latency_ms,195.31
2026-02-18T05:00:00,cpu_usage,59.39
2026-02-18T05:00:00,request_latency_ms,199.87
2026-02-18T06:00:00,cpu_usage,55.82
2026-02-18T06:00:00,request_latency_ms,193.22
2026-02-18T07:00:00,cpu_usage,59.82
2026-02-18T07:00:00,request_latency_ms,190.68
2026-02-18T08:00:00,cpu_usage,55.84
2026-02-18T08:00:00,request_latency_ms,197.36
2026-02-18T09:00:00,cpu_usage,62.70
2026-02-18T09:00:00,request_latency_ms,197.52
2026-02-18T10:00:00,cpu_usage,58.79
2026-02-18T10:00:00,request_latency_ms,192.54
2026-02-18T11:00:00,cpu_usage,55.90
2026-02-18T11:00:00,request_latency_ms,198.60
2026-02-18T12:00:00,cpu_usage,59.75
2026-02-18T12:00:00,request_latency_ms,194.50
2026-02-18T13:00:00,cpu_usage,55.50
2026-02-18T13:00:00,request_latency_ms,193.74
2026-02-18T14:00:00,cpu_usage,60.38
2026-02-18T14:00:00,request_latency_ms,191.68
2026-02-18T15:00:00,cpu_usage,58.54
2026-02-18T15:00:00,request_latency_ms,182.15
2026-02-18T16:00:00,cpu_usage,58.57
2026-02-18T16:00:00,request_latency_ms,195.63
2026-02-18T17:00:00,cpu_usage,59.59
2026-02-18T17:00:00,request_latency_ms,181.55
2026-02-18T18:00:00,cpu_usage,56.15
2026-02-18T18:00:00,request_latency_ms,196.63
2026-02-18T19:00:00,cpu_usage,58.48
2026-02-18T19:00:00,request_latency_ms,199.94
2026-02-18T20:00:00,cpu_usage,59.66
2026-02-18T20:00:00,request_latency_ms,193.93
2026-02-18T21:00:00,cpu_usage,60.67
2026-02-18T21:00:00,request_latency_ms,182.52
2026-02-18T22:00:00,cpu_usage,56.12
2026-02-18T22:00:00,request_latency_ms,198.61
2026-02-18T23:00:00,cpu_usage,56.33
2026-02-18T23:00:00,request_latency_ms,180.88
2026-02-19T00:00:00,cpu_usage,55.90
2026-02-19T00:00:00,request_latency_ms,181.89
2026-02-19T01:00:00,cpu_usage,60.61
2026-02-19T01:00:00,request_latency_ms,180.55
2026-02-19T02:00:00,cpu_usage,57.68
2026-02-19T02:00:00,request_latency_ms,183.34
2026-02-19T03:00:00,cpu_usage,61.76
2026-02-19T03:00:00,request_latency_ms,184.09
2026-02-19T04:00:00,cpu_usage,55.83
2026-02-19T04:00:00,request_latency_ms,180.38
2026-02-19T05:00:00,cpu_usage,60.72
2026-02-19T05:00:00,request_latency_ms,192.52
2026-02-19T06:00:00,cpu_usage,55.52
2026-02-19T06:00:00,request_latency_ms,188.17
2026-02-19T07:00:00,cpu_usage,58.35
2026-02-19T07:00:00,request_latency_ms,196.47
2026-02-19T08:00:00,cpu_usage,60.34
2026-02-19T08:00:00,request_latency_ms,180.64
2026-02-19T09:00:00,cpu_usage,60.73
2026-02-19T09:00:00,request_latency_ms,181.12
2026-02-19T10:00:00,cpu_usage,62.50
2026-02-19T10:00:00,request_latency_ms,183.48
2026-02-19T11:00:00,cpu_usage,60.62
2026-02-19T11:00:00,request_latency_ms,195.96
2026-02-19T12:00:00,cpu_usage,56.96
2026-02-19T12:00:00,request_latency_ms,196.46
2026-02-19T13:00:00,cpu_usage,60.47
2026-02-19T13:00:00,request_latency_ms,188.89
2026-02-19T14:00:00,cpu_usage,58.63
2026-02-19T14:00:00,request_latency_ms,195.99
2026-02-19T15:00:00,cpu_usage,59.28
2026-02-19T15:00:00,request_latency_ms,181.27
2026-02-19T16:00:00,cpu_usage,57.56
2026-02-19T16:00:00,request_latency_ms,195.48
2026-02-19T17:00:00,cpu_usage,62.85
2026-02-19T17:00:00,request_latency_ms,182.68
2026-02-19T18:00:00,cpu_usage,55.51
2026-02-19T18:00:00,request_latency_ms,182.42
2026-02-19T19:00:00,cpu_usage,57.16
2026-02-19T19:00:00,request_latency_ms,196.11
2026-02-19T20:00:00,cpu_usage,55.35
2026-02-19T20:00:00,request_latency_ms,184.80
2026-02-19T21:00:00,cpu_usage,57.55
2026-02-19T21:00:00,request_latency_ms,191.06
2026-02-19T22:00:00,cpu_usage,56.19
2026-02-19T22:00:00,request_latency_ms,184.53
2026-02-19T23:00:00,cpu_usage,55.35
2026-02-19T23:00:00,request_latency_ms,194.46
2026-02-20T00:00:00,cpu_usage,70.90
2026-02-20T00:00:00,request_latency_ms,269.05
2026-02-20T01:00:00,cpu_usage,57.16
2026-02-20T01:00:00,request_latency_ms,199.37
2026-02-20T02:00:00,cpu_usage,55.78
2026-02-20T02:00:00,request_latency_ms,189.09
2026-02-20T03:00:00,cpu_usage,57.61
2026-02-20T03:00:00,request_latency_ms,183.65
2026-02-20T04:00:00,cpu_usage,59.34
2026-02-20T04:00:00,request_latency_ms,188.28
2026-02-20T05:00:00,cpu_usage,62.27
2026-02-20T05:00:00,request_latency_ms,191.99
2026-02-20T06:00:00,cpu_usage,62.35
2026-02-20T06:00:00,request_latency_ms,190.39
2026-02-20T07:00:00,cpu_usage,58.16
2026-02-20T07:00:00,request_latency_ms,199.93
2026-02-20T08:00:00,cpu_usage,62.57
2026-02-20T08:00:00,request_latency_ms,194.86
2026-02-20T09:00:00,cpu_usage,59.69
2026-02-20T09:00:00,request_latency_ms,182.00
2026-02-20T10:00:00,cpu_usage,59.43
2026-02-20T10:00:00,request_latency_ms,181.92
2026-02-20T11:00:00,cpu_usage,59.41
2026-02-20T11:00:00,request_latency_ms,194.72
2026-02-20T12:00:00,cpu_usage,60.28
2026-02-20T12:00:00,request_latency_ms,184.33
2026-02-20T13:00:00,cpu_usage,62.26
2026-02-20T13:00:00,request_latency_ms,190.69
2026-02-20T14:00:00,cpu_usage,61.45
2026-02-20T14:00:00,request_latency_ms,182.67
2026-02-20T15:00:00,cpu_usage,57.57
2026-02-20T15:00:00,request_latency_ms,199.32
2026-02-20T16:00:00,cpu_usage,62.38
2026-02-20T16:00:00,request_latency_ms,182.62
2026-02-20T17:00:00,cpu_usage,62.76
2026-02-20T17:00:00,request_latency_ms,188.49
2026-02-20T18:00:00,cpu_usage,55.77
2026-02-20T18:00:00,request_latency_ms,181.21
2026-02-20T19:00:00,cpu_usage,59.46
2026-02-20T19:00:00,request_latency_ms,187.85
2026-02-20T20:00:00,cpu_usage,61.47
2026-02-20T20:00:00,request_latency_ms,189.16
2026-02-20T21:00:00,cpu_usage,58.54
2026-02-20T21:00:00,request_latency_ms,199.37
2026-02-20T22:00:00,cpu_usage,57.01
2026-02-20T22:00:00,request_latency_ms,186.63
2026-02-20T23:00:00,cpu_usage,59.28
2026-02-20T23:00:00,request_latency_ms,199.98
2026-02-21T00:00:00,cpu_usage,61.96
2026-02-21T00:00:00,request_latency_ms,189.08
2026-02-21T01:00:00,cpu_usage,60.68
2026-02-21T01:00:00,request_latency_ms,186.39
2026-02-21T02:00:00,cpu_usage,56.14
2026-02-21T02:00:00,request_latency_ms,184.76
2026-02-21T03:00:00,cpu_usage,56.67
2026-02-21T03:00:00,request_latency_ms,196.31
2026-02-21T04:00:00,cpu_usage,56.04
2026-02-21T04:00:00,request_latency_ms,184.18
2026-02-21T05:00:00,cpu_usage,56.76
2026-02-21T05:00:00,request_latency_ms,185.47
2026-02-21T06:00:00,cpu_usage,56.50
2026-02-21T06:00:00,request_latency_ms,192.79
2026-02-21T07:00:00,cpu_usage,56.78
2026-02-21T07:00:00,request_latency_ms,198.02
2026-02-21T08:00:00,cpu_usage,59.72
2026-02-21T08:00:00,request_latency_ms,198.13
2026-02-21T09:00:00,cpu_usage,57.70
2026-02-21T09:00:00,request_latency_ms,186.07
2026-02-21T10:00:00,cpu_usage,60.99
2026-02-21T10:00:00,request_latency_ms,187.63
2026-02-21T11:00:00,cpu_usage,55.32
2026-02-21T11:00:00,request_latency_ms,181.78
2026-02-21T12:00:00,cpu_usage,60.85
2026-02-21T12:00:00,request_latency_ms,197.32
2026-02-21T13:00:00,cpu_usage,60.00
2026-02-21T13:00:00,request_latency_ms,194.82
2026-02-21T14:00:00,cpu_usage,59.63
2026-02-21T14:00:00,request_latency_ms,191.48
2026-02-21T15:00:00,cpu_usage,59.22
2026-02-21T15:00:00,request_latency_ms,198.17
2026-02-21T16:00:00,cpu_usage,57.79
2026-02-21T16:00:00,request_latency_ms,192.37
2026-02-21T17:00:00,cpu_usage,59.73
2026-02-21T17:00:00,request_latency_ms,189.69
2026-02-21T18:00:00,cpu_usage,56.69
2026-02-21T18:00:00,request_latency_ms,189.92
2026-02-21T19:00:00,cpu_usage,60.69
2026-02-21T19:00:00,request_latency_ms,195.42
2026-02-21T20:00:00,cpu_usage,59.96
2026-02-21T20:00:00,request_latency_ms,180.48
2026-02-21T21:00:00,cpu_usage,59.91
2026-02-21T21:00:00,request_latency_ms,197.18
2026-02-21T22:00:00,cpu_usage,58.76
2026-02-21T22:00:00,request_latency_ms,182.87
2026-02-21T23:00:00,cpu_usage,60.43
2026-02-21T23:00:00,request_latency_ms,197.66
2026-02-22T00:00:00,cpu_usage,62.34
2026-02-22T00:00:00,request_latency_ms,191.82
2026-02-22T01:00:00,cpu_usage,57.89
2026-02-22T01:00:00,request_latency_ms,182.25
2026-02-22T02:00:00,cpu_usage,58.71
2026-02-22T02:00:00,request_latency_ms,190.34
2026-02-22T03:00:00,cpu_usage,57.05
2026-02-22T03:00:00,request_latency_ms,180.50
2026-02-22T04:00:00,cpu_usage,60.45
2026-02-22T04:00:00,request_latency_ms,182.88
2026-02-22T05:00:00,cpu_usage,62.78
2026-02-22T05:00:00,request_latency_ms,187.62
2026-02-22T06:00:00,cpu_usage,55.71
2026-02-22T06:00:00,request_latency_ms,182.20
2026-02-22T07:00:00,cpu_usage,58.24
2026-02-22T07:00:00,request_latency_ms,194.19
2026-02-22T08:00:00,cpu_usage,58.82
2026-02-22T08:00:00,request_latency_ms,192.31
2026-02-22T09:00:00,cpu_usage,61.18
2026-02-22T09:00:00,request_latency_ms,186.50
2026-02-22T10:00:00,cpu_usage,60.91
2026-02-22T10:00:00,request_latency_ms,197.96
2026-02-22T11:00:00,cpu_usage,56.47
2026-02-22T11:00:00,request_latency_ms,199.27
2026-02-22T12:00:00,cpu_usage,57.56
2026-02-22T12:00:00,request_latency_ms,191.14
2026-02-22T13:00:00,cpu_usage,61.84
2026-02-22T13:00:00,request_latency_ms,197.75
2026-02-22T14:00:00,cpu_usage,62.56
2026-02-22T14:00:00,request_latency_ms,182.91
2026-02-22T15:00:00,cpu_usage,55.14
2026-02-22T15:00:00,request_latency_ms,199.45
2026-02-22T16:00:00,cpu_usage,56.16
2026-02-22T16:00:00,request_latency_ms,188.24
2026-02-22T17:00:00,cpu_usage,57.63
2026-02-22T17:00:00,request_latency_ms,185.92
2026-02-22T18:00:00,cpu_usage,62.25
2026-02-22T18:00:00,request_latency_ms,183.25
2026-02-22T19:00:00,cpu_usage,57.78
2026-02-22T19:00:00,request_latency_ms,183.29
2026-02-22T20:00:00,cpu_usage,60.94
2026-02-22T20:00:00,request_latency_ms,192.06
2026-02-22T21:00:00,cpu_usage,62.28
2026-02-22T21:00:00,request_latency_ms,181.88
2026-02-22T22:00:00,cpu_usage,61.40
2026-02-22T22:00:00,request_latency_ms,192.87
2026-02-22T23:00:00,cpu_usage,59.63
2026-02-22T23:00:00,request_latency_ms,182.63
2026-02-23T00:00:00,cpu_usage,55.86
2026-02-23T00:00:00,request_latency_ms,198.63
2026-02-23T01:00:00,cpu_usage,62.86
2026-02-23T01:00:00,request_latency_ms,184.52
2026-02-23T02:00:00,cpu_usage,60.32
2026-02-23T02:00:00,request_latency_ms,183.26
2026-02-23T03:00:00,cpu_usage,62.53
2026-02-23T03:00:00,request_latency_ms,193.11
2026-02-23T04:00:00,cpu_usage,58.75
2026-02-23T04:00:00,request_latency_ms,199.51
2026-02-23T05:00:00,cpu_usage,57.81
2026-02-23T05:00:00,request_latency_ms,189.52
2026-02-23T06:00:00,cpu_usage,61.91
2026-02-23T06:00:00,request_latency_ms,186.01
2026-02-23T07:00:00,cpu_usage,62.84
2026-02-23T07:00:00,request_latency_ms,188.13
2026-02-23T08:00:00,cpu_usage,59.37
2026-02-23T08:00:00,request_latency_ms,197.80
2026-02-23T09:00:00,cpu_usage,59.59
2026-02-23T09:00:00,request_latency_ms,183.57
2026-02-23T10:00:00,cpu_usage,61.88
2026-02-23T10:00:00,request_latency_ms,199.06
2026-02-23T11:00:00,cpu_usage,61.35
2026-02-23T11:00:00,request_latency_ms,196.21
2026-02-23T12:00:00,cpu_usage,61.49
2026-02-23T12:00:00,request_latency_ms,193.80
2026-02-23T13:00:00,cpu_usage,58.24
2026-02-23T13:00:00,request_latency_ms,198.00
2026-02-23T14:00:00,cpu_usage,59.89
2026-02-23T14:00:00,request_latency_ms,195.27
2026-02-23T15:00:00,cpu_usage,62.33
2026-02-23T15:00:00,request_latency_ms,181.52
2026-02-23T16:00:00,cpu_usage,59.55
2026-02-23T16:00:00,request_latency_ms,188.07
2026-02-23T17:00:00,cpu_usage,62.63
2026-02-23T17:00:00,request_latency_ms,181.29
2026-02-23T18:00:00,cpu_usage,60.58
2026-02-23T18:00:00,request_latency_ms,192.46
2026-02-23T19:00:00,cpu_usage,56.03
2026-02-23T19:00:00,request_latency_ms,195.41
2026-02-23T20:00:00,cpu_usage,60.59
2026-02-23T20:00:00,request_latency_ms,197.64
2026-02-23T21:00:00,cpu_usage,55.18
2026-02-23T21:00:00,request_latency_ms,197.07
2026-02-23T22:00:00,cpu_usage,60.57
2026-02-23T22:00:00,request_latency_ms,193.73
2026-02-23T23:00:00,cpu_usage,58.32
2026-02-23T23:00:00,request_latency_ms,186.94
2026-02-24T00:00:00,cpu_usage,58.87
2026-02-24T00:00:00,request_latency_ms,185.48
2026-02-24T01:00:00,cpu_usage,62.70
2026-02-24T01:00:00,request_latency_ms,194.54
2026-02-24T02:00:00,cpu_usage,60.44
2026-02-24T02:00:00,request_latency_ms,191.34
2026-02-24T03:00:00,cpu_usage,61.12
2026-02-24T03:00:00,request_latency_ms,188.58
2026-02-24T04:00:00,cpu_usage,59.40
2026-02-24T04:00:00,request_latency_ms,191.76
2026-02-24T05:00:00,cpu_usage,60.85
2026-02-24T05:00:00,request_latency_ms,192.46
2026-02-24T06:00:00,cpu_usage,60.32
2026-02-24T06:00:00,request_latency_ms,190.45
2026-02-24T07:00:00,cpu_usage,58.07
2026-02-24T07:00:00,request_latency_ms,183.67
2026-02-24T08:00:00,cpu_usage,59.40
2026-02-24T08:00:00,request_latency_ms,181.08
2026-02-24T09:00:00,cpu_usage,57.73
2026-02-24T09:00:00,request_latency_ms,189.20
2026-02-24T10:00:00,cpu_usage,59.39
2026-02-24T10:00:00,request_latency_ms,183.00
2026-02-24T11:00:00,cpu_usage,59.90
2026-02-24T11:00:00,request_latency_ms,191.77
2026-02-24T12:00:00,cpu_usage,60.14
2026-02-24T12:00:00,request_latency_ms,184.92
2026-02-24T13:00:00,cpu_usage,62.45
2026-02-24T13:00:00,request_latency_ms,187.22
2026-02-24T14:00:00,cpu_usage,61.25
2026-02-24T14:00:00,request_latency_ms,191.67
2026-02-24T15:00:00,cpu_usage,61.15
2026-02-24T15:00:00,request_latency_ms,199.55
2026-02-24T16:00:00,cpu_usage,61.72
2026-02-24T16:00:00,request_latency_ms,198.67
2026-02-24T17:00:00,cpu_usage,55.07
2026-02-24T17:00:00,request_latency_ms,195.58
2026-02-24T18:00:00,cpu_usage,57.61
2026-02-24T18:00:00,request_latency_ms,181.47
2026-02-24T19:00:00,cpu_usage,60.64
2026-02-24T19:00:00,request_latency_ms,193.29
2026-02-24T20:00:00,cpu_usage,58.83
2026-02-24T20:00:00,request_latency_ms,182.51
2026-02-24T21:00:00,cpu_usage,60.26
2026-02-24T21:00:00,request_latency_ms,198.56
2026-02-24T22:00:00,cpu_usage,59.97
2026-02-24T22:00:00,request_latency_ms,199.92
2026-02-24T23:00:00,cpu_usage,59.93
2026-02-24T23:00:00,request_latency_ms,188.33
2026-02-25T00:00:00,cpu_usage,61.41
2026-02-25T00:00:00,request_latency_ms,198.96
2026-02-25T01:00:00,cpu_usage,58.53
2026-02-25T01:00:00,request_latency_ms,198.37
2026-02-25T02:00:00,cpu_usage,55.35
2026-02-25T02:00:00,request_latency_ms,184.73
2026-02-25T03:00:00,cpu_usage,62.92
2026-02-25T03:00:00,request_latency_ms,181.51
2026-02-25T04:00:00,cpu_usage,58.59
2026-02-25T04:00:00,request_latency_ms,196.27
2026-02-25T05:00:00,cpu_usage,62.99
2026-02-25T05:00:00,request_latency_ms,194.57
2026-02-25T06:00:00,cpu_usage,58.56
2026-02-25T06:00:00,request_latency_ms,182.32
2026-02-25T07:00:00,cpu_usage,58.06
2026-02-25T07:00:00,request_latency_ms,184.65
2026-02-25T08:00:00,cpu_usage,58.07
2026-02-25T08:00:00,request_latency_ms,191.71
2026-02-25T09:00:00,cpu_usage,62.99
2026-02-25T09:00:00,request_latency_ms,196.78
2026-02-25T10:00:00,cpu_usage,57.29
2026-02-25T10:00:00,request_latency_ms,181.47
2026-02-25T11:00:00,cpu_usage,55.62
2026-02-25T11:00:00,request_latency_ms,193.08
2026-02-25T12:00:00,cpu_usage,57.51
2026-02-25T12:00:00,request_latency_ms,186.28
2026-02-25T13:00:00,cpu_usage,57.29
2026-02-25T13:00:00,request_latency_ms,190.00
2026-02-25T14:00:00,cpu_usage,55.87
2026-02-25T14:00:00,request_latency_ms,198.19
2026-02-25T15:00:00,cpu_usage,57.65
2026-02-25T15:00:00,request_latency_ms,198.48
2026-02-25T16:00:00,cpu_usage,55.44
2026-02-25T16:00:00,request_latency_ms,191.88
2026-02-25T17:00:00,cpu_usage,55.99
2026-02-25T17:00:00,request_latency_ms,191.95
2026-02-25T18:00:00,cpu_usage,58.75
2026-02-25T18:00:00,request_latency_ms,184.81
2026-02-25T19:00:00,cpu_usage,57.25
2026-02-25T19:00:00,request_latency_ms,196.89
2026-02-25T20:00:00,cpu_usage,62.19
2026-02-25T20:00:00,request_latency_ms,199.26
2026-02-25T21:00:00,cpu_usage,57.69
2026-02-25T21:00:00,request_latency_ms,188.85
2026-02-25T22:00:00,cpu_usage,59.19
2026-02-25T22:00:00,request_latency_ms,191.86
2026-02-25T23:00:00,cpu_usage,62.43
2026-02-25T23:00:00,request_latency_ms,191.46
2026-02-26T00:00:00,cpu_usage,55.76
2026-02-26T00:00:00,request_latency_ms,184.49
2026-02-26T01:00:00,cpu_usage,55.35
2026-02-26T01:00:00,request_latency_ms,183.08
2026-02-26T02:00:00,cpu_usage,62.88
2026-02-26T02:00:00,request_latency_ms,196.67
2026-02-26T03:00:00,cpu_usage,62.55
2026-02-26T03:00:00,request_latency_ms,194.42
2026-02-26T04:00:00,cpu_usage,59.68
2026-02-26T04:00:00,request_latency_ms,197.12
2026-02-26T05:00:00,cpu_usage,58.51
2026-02-26T05:00:00,request_latency_ms,192.30
2026-02-26T06:00:00,cpu_usage,59.89
2026-02-26T06:00:00,request_latency_ms,180.72
2026-02-26T07:00:00,cpu_usage,57.97
2026-02-26T07:00:00,request_latency_ms,192.75
2026-02-26T08:00:00,cpu_usage,61.37
2026-02-26T08:00:00,request_latency_ms,183.74
2026-02-26T09:00:00,cpu_usage,62.61
2026-02-26T09:00:00,request_latency_ms,198.04
2026-02-26T10:00:00,cpu_usage,56.01
2026-02-26T10:00:00,request_latency_ms,184.70
2026-02-26T11:00:00,cpu_usage,60.30
2026-02-26T11:00:00,request_latency_ms,190.34
2026-02-26T12:00:00,cpu_usage,56.07
2026-02-26T12:00:00,request_latency_ms,180.80
2026-02-26T13:00:00,cpu_usage,56.70
2026-02-26T13:00:00,request_latency_ms,190.30
2026-02-26T14:00:00,cpu_usage,60.11
2026-02-26T14:00:00,request_latency_ms,181.62
2026-02-26T15:00:00,cpu_usage,59.10
2026-02-26T15:00:00,request_latency_ms,180.28
2026-02-26T16:00:00,cpu_usage,58.48
2026-02-26T16:00:00,request_latency_ms,190.46
2026-02-26T17:00:00,cpu_usage,62.58
2026-02-26T17:00:00,request_latency_ms,191.22
2026-02-26T18:00:00,cpu_usage,61.44
2026-02-26T18:00:00,request_latency_ms,198.52
2026-02-26T19:00:00,cpu_usage,55.29
2026-02-26T19:00:00,request_latency_ms,184.43
2026-02-26T20:00:00,cpu_usage,58.25
2026-02-26T20:00:00,request_latency_ms,197.70
2026-02-26T21:00:00,cpu_usage,61.85
2026-02-26T21:00:00,request_latency_ms,198.02
2026-02-26T22:00:00,cpu_usage,56.32
2026-02-26T22:00:00,request_latency_ms,199.72
2026-02-26T23:00:00,cpu_usage,61.61
2026-02-26T23:00:00,request_latency_ms,193.45
2026-02-27T00:00:00,cpu_usage,56.58
2026-02-27T00:00:00,request_latency_ms,187.06
2026-02-27T01:00:00,cpu_usage,60.77
2026-02-27T01:00:00,request_latency_ms,189.48
2026-02-27T02:00:00,cpu_usage,61.83
2026-02-27T02:00:00,request_latency_ms,189.22
2026-02-27T03:00:00,cpu_usage,55.92
2026-02-27T03:00:00,request_latency_ms,197.45
2026-02-27T04:00:00,cpu_usage,56.87
2026-02-27T04:00:00,request_latency_ms,186.90
2026-02-27T05:00:00,cpu_usage,60.56
2026-02-27T05:00:00,request_latency_ms,198.18
2026-02-27T06:00:00,cpu_usage,62.95
2026-02-27T06:00:00,request_latency_ms,199.42
2026-02-27T07:00:00,cpu_usage,62.66
2026-02-27T07:00:00,request_latency_ms,185.06
2026-02-27T08:00:00,cpu_usage,58.26
2026-02-27T08:00:00,request_latency_ms,189.82
2026-02-27T09:00:00,cpu_usage,61.63
2026-02-27T09:00:00,request_latency_ms,187.35
2026-02-27T10:00:00,cpu_usage,58.57
2026-02-27T10:00:00,request_latency_ms,180.29
2026-02-27T11:00:00,cpu_usage,58.22
2026-02-27T11:00:00,request_latency_ms,189.53
2026-02-27T12:00:00,cpu_usage,57.86
2026-02-27T12:00:00,request_latency_ms,198.83
2026-02-27T13:00:00,cpu_usage,61.02
2026-02-27T13:00:00,request_latency_ms,193.61
2026-02-27T14:00:00,cpu_usage,57.23
2026-02-27T14:00:00,request_latency_ms,186.85
2026-02-27T15:00:00,cpu_usage,62.61
2026-02-27T15:00:00,request_latency_ms,183.44
2026-02-27T16:00:00,cpu_usage,61.52
2026-02-27T16:00:00,request_latency_ms,194.93
2026-02-27T17:00:00,cpu_usage,57.21
2026-02-27T17:00:00,request_latency_ms,188.97
2026-02-27T18:00:00,cpu_usage,55.39
2026-02-27T18:00:00,request_latency_ms,185.01
2026-02-27T19:00:00,cpu_usage,56.05
2026-02-27T19:00:00,request_latency_ms,191.02
2026-02-27T20:00:00,cpu_usage,59.88
2026-02-27T20:00:00,request_latency_ms,182.32
2026-02-27T21:00:00,cpu_usage,58.85
2026-02-27T21:00:00,request_latency_ms,182.33
2026-02-27T22:00:00,cpu_usage,57.85
2026-02-27T22:00:00,request_latency_ms,190.15
2026-02-27T23:00:00,cpu_usage,56.22
2026-02-27T23:00:00,request_latency_ms,195.98
2026-02-28T00:00:00,cpu_usage,55.31
2026-02-28T00:00:00,request_latency_ms,198.55
2026-02-28T01:00:00,cpu_usage,62.60
2026-02-28T01:00:00,request_latency_ms,184.69
2026-02-28T02:00:00,cpu_usage,57.20
2026-02-28T02:00:00,request_latency_ms,184.72
2026-02-28T03:00:00,cpu_usage,58.53
2026-02-28T03:00:00,request_latency_ms,198.39
2026-02-28T04:00:00,cpu_usage,59.35
2026-02-28T04:00:00,request_latency_ms,182.98
2026-02-28T05:00:00,cpu_usage,60.01
2026-02-28T05:00:00,request_latency_ms,183.78
2026-02-28T06:00:00,cpu_usage,60.81
2026-02-28T06:00:00,request_latency_ms,198.06
2026-02-28T07:00:00,cpu_usage,57.92
2026-02-28T07:00:00,request_latency_ms,198.50
2026-02-28T08:00:00,cpu_usage,68.58
2026-02-28T08:00:00,request_latency_ms,198.82
2026-02-28T09:00:00,cpu_usage,56.89
2026-02-28T09:00:00,request_latency_ms,196.43
2026-02-28T10:00:00,cpu_usage,61.20
2026-02-28T10:00:00,request_latency_ms,197.78
2026-02-28T11:00:00,cpu_usage,61.08
2026-02-28T11:00:00,request_latency_ms,194.16
2026-02-28T12:00:00,cpu_usage,60.20
2026-02-28T12:00:00,request_latency_ms,196.31
2026-02-28T13:00:00,cpu_usage,57.85
2026-02-28T13:00:00,request_latency_ms,195.04
2026-02-28T14:00:00,cpu_usage,59.88
2026-02-28T14:00:00,request_latency_ms,193.82
2026-02-28T15:00:00,cpu_usage,58.60
2026-02-28T15:00:00,request_latency_ms,186.38
2026-02-28T16:00:00,cpu_usage,55.48
2026-02-28T16:00:00,request_latency_ms,184.06
2026-02-28T17:00:00,cpu_usage,58.66
2026-02-28T17:00:00,request_latency_ms,198.64
2026-02-28T18:00:00,cpu_usage,61.17
2026-02-28T18:00:00,request_latency_ms,195.65
2026-02-28T19:00:00,cpu_usage,60.03
2026-02-28T19:00:00,request_latency_ms,194.37
2026-02-28T20:00:00,cpu_usage,61.52
2026-02-28T20:00:00,request_latency_ms,189.66
2026-02-28T21:00:00,cpu_usage,58.02
2026-02-28T21:00:00,request_latency_ms,183.27
2026-02-28T22:00:00,cpu_usage,62.00
2026-02-28T22:00:00,request_latency_ms,191.89
2026-02-28T23:00:00,cpu_usage,62.89
2026-02-28T23:00:00,request_latency_ms,183.05
2026-03-01T00:00:00,cpu_usage,61.87
2026-03-01T00:00:00,request_latency_ms,183.57
2026-03-01T01:00:00,cpu_usage,58.98
2026-03-01T01:00:00,request_latency_ms,181.63
2026-03-01T02:00:00,cpu_usage,58.41
2026-03-01T02:00:00,request_latency_ms,180.14
2026-03-01T03:00:00,cpu_usage,58.37
2026-03-01T03:00:00,request_latency_ms,192.58
2026-03-01T04:00:00,cpu_usage,59.89
2026-03-01T04:00:00,request_latency_ms,186.88
2026-03-01T05:00:00,cpu_usage,56.83
2026-03-01T05:00:00,request_latency_ms,190.61
2026-03-01T06:00:00,cpu_usage,62.84
2026-03-01T06:00:00,request_latency_ms,183.01
2026-03-01T07:00:00,cpu_usage,58.90
2026-03-01T07:00:00,request_latency_ms,192.31
2026-03-01T08:00:00,cpu_usage,62.44
2026-03-01T08:00:00,request_latency_ms,194.37
2026-03-01T09:00:00,cpu_usage,58.70
2026-03-01T09:00:00,request_latency_ms,189.74
2026-03-01T10:00:00,cpu_usage,61.33
2026-03-01T10:00:00,request_latency_ms,189.08
2026-03-01T11:00:00,cpu_usage,55.43
2026-03-01T11:00:00,request_latency_ms,180.69
2026-03-01T12:00:00,cpu_usage,62.25
2026-03-01T12:00:00,request_latency_ms,195.29
2026-03-01T13:00:00,cpu_usage,57.11
2026-03-01T13:00:00,request_latency_ms,193.42
2026-03-01T14:00:00,cpu_usage,58.64
2026-03-01T14:00:00,request_latency_ms,183.91
2026-03-01T15:00:00,cpu_usage,59.79
2026-03-01T15:00:00,request_latency_ms,180.13
2026-03-01T16:00:00,cpu_usage,61.32
2026-03-01T16:00:00,request_latency_ms,198.02
2026-03-01T17:00:00,cpu_usage,59.32
2026-03-01T17:00:00,request_latency_ms,185.31
2026-03-01T18:00:00,cpu_usage,58.41
2026-03-01T18:00:00,request_latency_ms,192.36
2026-03-01T19:00:00,cpu_usage,57.30
2026-03-01T19:00:00,request_latency_ms,182.29
2026-03-01T20:00:00,cpu_usage,55.43
2026-03-01T20:00:00,request_latency_ms,188.16
2026-03-01T21:00:00,cpu_usage,62.41
2026-03-01T21:00:00,request_latency_ms,184.75
2026-03-01T22:00:00,cpu_usage,59.79
2026-03-01T22:00:00,request_latency_ms,192.87
2026-03-01T23:00:00,cpu_usage,57.33
2026-03-01T23:00:00,request_latency_ms,190.92
2026-03-02T00:00:00,cpu_usage,55.43
2026-03-02T00:00:00,request_latency_ms,187.83
2026-03-02T01:00:00,cpu_usage,55.30
2026-03-02T01:00:00,request_latency_ms,199.10
2026-03-02T02:00:00,cpu_usage,61.25
2026-03-02T02:00:00,request_latency_ms,188.39
2026-03-02T03:00:00,cpu_usage,55.01
2026-03-02T03:00:00,request_latency_ms,194.98
2026-03-02T04:00:00,cpu_usage,56.84
2026-03-02T04:00:00,request_latency_ms,186.76
2026-03-02T05:00:00,cpu_usage,62.14
2026-03-02T05:00:00,request_latency_ms,196.55
2026-03-02T06:00:00,cpu_usage,59.19
2026-03-02T06:00:00,request_latency_ms,180.07
2026-03-02T07:00:00,cpu_usage,57.71
2026-03-02T07:00:00,request_latency_ms,191.71
2026-03-02T08:00:00,cpu_usage,61.20
2026-03-02T08:00:00,request_latency_ms,182.20
2026-03-02T09:00:00,cpu_usage,62.81
2026-03-02T09:00:00,request_latency_ms,183.75
2026-03-02T10:00:00,cpu_usage,61.22
2026-03-02T10:00:00,request_latency_ms,180.13
2026-03-02T11:00:00,cpu_usage,57.98
2026-03-02T11:00:00,request_latency_ms,199.54
2026-03-02T12:00:00,cpu_usage,55.95
2026-03-02T12:00:00,request_latency_ms,185.40
2026-03-02T13:00:00,cpu_usage,62.09
2026-03-02T13:00:00,request_latency_ms,196.07
2026-03-02T14:00:00,cpu_usage,57.81
2026-03-02T14:00:00,request_latency_ms,195.68
2026-03-02T15:00:00,cpu_usage,61.91
2026-03-02T15:00:00,request_latency_ms,189.98
2026-03-02T16:00:00,cpu_usage,62.41
2026-03-02T16:00:00,request_latency_ms,183.93
2026-03-02T17:00:00,cpu_usage,59.16
2026-03-02T17:00:00,request_latency_ms,194.71
2026-03-02T18:00:00,cpu_usage,55.86
2026-03-02T18:00:00,request_latency_ms,187.71
2026-03-02T19:00:00,cpu_usage,55.85
2026-03-02T19:00:00,request_latency_ms,194.71
2026-03-02T20:00:00,cpu_usage,62.09
2026-03-02T20:00:00,request_latency_ms,198.00
2026-03-02T21:00:00,cpu_usage,60.27
2026-03-02T21:00:00,request_latency_ms,181.20
2026-03-02T22:00:00,cpu_usage,59.77
2026-03-02T22:00:00,request_latency_ms,189.29
2026-03-02T23:00:00,cpu_usage,62.87
2026-03-02T23:00:00,request_latency_ms,186.52
2026-03-03T00:00:00,cpu_usage,62.00
2026-03-03T00:00:00,request_latency_ms,181.14
2026-03-03T01:00:00,cpu_usage,62.38
2026-03-03T01:00:00,request_latency_ms,193.58
2026-03-03T02:00:00,cpu_usage,55.85
2026-03-03T02:00:00,request_latency_ms,197.94
2026-03-03T03:00:00,cpu_usage,62.17
2026-03-03T03:00:00,request_latency_ms,187.62
2026-03-03T04:00:00,cpu_usage,58.37
2026-03-03T04:00:00,request_latency_ms,194.03
2026-03-03T05:00:00,cpu_usage,62.11
2026-03-03T05:00:00,request_latency_ms,199.43
2026-03-03T06:00:00,cpu_usage,55.30
2026-03-03T06:00:00,request_latency_ms,193.82
2026-03-03T07:00:00,cpu_usage,59.37
2026-03-03T07:00:00,request_latency_ms,194.26
2026-03-03T08:00:00,cpu_usage,59.53
2026-03-03T08:00:00,request_latency_ms,190.21
2026-03-03T09:00:00,cpu_usage,61.45
2026-03-03T09:00:00,request_latency_ms,191.26
2026-03-03T10:00:00,cpu_usage,55.93
2026-03-03T10:00:00,request_latency_ms,198.43
2026-03-03T11:00:00,cpu_usage,60.53
2026-03-03T11:00:00,request_latency_ms,197.82
2026-03-03T12:00:00,cpu_usage,62.41
2026-03-03T12:00:00,request_latency_ms,182.33
2026-03-03T13:00:00,cpu_usage,55.55
2026-03-03T13:00:00,request_latency_ms,189.84
2026-03-03T14:00:00,cpu_usage,57.14
2026-03-03T14:00:00,request_latency_ms,196.67
2026-03-03T15:00:00,cpu_usage,55.70
2026-03-03T15:00:00,request_latency_ms,185.07
2026-03-03T16:00:00,cpu_usage,60.33
2026-03-03T16:00:00,request_latency_ms,187.17
2026-03-03T17:00:00,cpu_usage,58.13
2026-03-03T17:00:00,request_latency_ms,180.03
2026-03-03T18:00:00,cpu_usage,58.39
2026-03-03T18:00:00,request_latency_ms,196.32
2026-03-03T19:00:00,cpu_usage,57.22
2026-03-03T19:00:00,request_latency_ms,198.17
2026-03-03T20:00:00,cpu_usage,62.52
2026-03-03T20:00:00,request_latency_ms,199.70
2026-03-03T21:00:00,cpu_usage,57.69
2026-03-03T21:00:00,request_latency_ms,195.66
2026-03-03T22:00:00,cpu_usage,60.29
2026-03-03T22:00:00,request_latency_ms,186.97
2026-03-03T23:00:00,cpu_usage,60.88
2026-03-03T23:00:00,request_latency_ms,183.74
2026-03-04T00:00:00,cpu_usage,56.91
2026-03-04T00:00:00,request_latency_ms,199.35
2026-03-04T01:00:00,cpu_usage,58.99
2026-03-04T01:00:00,request_latency_ms,190.62
2026-03-04T02:00:00,cpu_usage,58.91
2026-03-04T02:00:00,request_latency_ms,195.34
2026-03-04T03:00:00,cpu_usage,62.65
2026-03-04T03:00:00,request_latency_ms,198.31
2026-03-04T04:00:00,cpu_usage,62.76
2026-03-04T04:00:00,request_latency_ms,184.29
2026-03-04T05:00:00,cpu_usage,60.47
2026-03-04T05:00:00,request_latency_ms,197.29
2026-03-04T06:00:00,cpu_usage,58.35
2026-03-04T06:00:00,request_latency_ms,185.27
2026-03-04T07:00:00,cpu_usage,61.32
2026-03-04T07:00:00,request_latency_ms,195.17
2026-03-04T08:00:00,cpu_usage,60.90
2026-03-04T08:00:00,request_latency_ms,180.89
2026-03-04T09:00:00,cpu_usage,57.22
2026-03-04T09:00:00,request_latency_ms,195.03
2026-03-04T10:00:00,cpu_usage,60.92
2026-03-04T10:00:00,request_latency_ms,186.04
2026-03-04T11:00:00,cpu_usage,62.37
2026-03-04T11:00:00,request_latency_ms,198.63
2026-03-04T12:00:00,cpu_usage,58.47
2026-03-04T12:00:00,request_latency_ms,268.54
2026-03-04T13:00:00,cpu_usage,59.29
2026-03-04T13:00:00,request_latency_ms,196.88
2026-03-04T14:00:00,cpu_usage,56.84
2026-03-04T14:00:00,request_latency_ms,191.37
2026-03-04T15:00:00,cpu_usage,58.83
2026-03-04T15:00:00,request_latency_ms,193.55
2026-03-04T16:00:00,cpu_usage,60.78
2026-03-04T16:00:00,request_latency_ms,185.21
2026-03-04T17:00:00,cpu_usage,56.14
2026-03-04T17:00:00,request_latency_ms,183.24
2026-03-04T18:00:00,cpu_usage,59.59
2026-03-04T18:00:00,request_latency_ms,189.53
2026-03-04T19:00:00,cpu_usage,57.62
2026-03-04T19:00:00,request_latency_ms,189.55
2026-03-04T20:00:00,cpu_usage,62.52
2026-03-04T20:00:00,request_latency_ms,183.15
2026-03-04T21:00:00,cpu_usage,56.34
2026-03-04T21:00:00,request_latency_ms,197.49
2026-03-04T22:00:00,cpu_usage,58.96
2026-03-04T22:00:00,request_latency_ms,196.62
2026-03-04T23:00:00,cpu_usage,60.75
2026-03-04T23:00:00,request_latency_ms,192.21
2026-03-05T00:00:00,cpu_usage,62.26
2026-03-05T00:00:00,request_latency_ms,199.08
2026-03-05T01:00:00,cpu_usage,61.09
2026-03-05T01:00:00,request_latency_ms,186.63
2026-03-05T02:00:00,cpu_usage,60.81
2026-03-05T02:00:00,request_latency_ms,184.76
2026-03-05T03:00:00,cpu_usage,59.62
2026-03-05T03:00:00,request_latency_ms,191.92
2026-03-05T04:00:00,cpu_usage,59.16
2026-03-05T04:00:00,request_latency_ms,187.64
2026-03-05T05:00:00,cpu_usage,59.25
2026-03-05T05:00:00,request_latency_ms,193.28
2026-03-05T06:00:00,cpu_usage,57.25
2026-03-05T06:00:00,request_latency_ms,190.84
2026-03-05T07:00:00,cpu_usage,58.94
2026-03-05T07:00:00,request_latency_ms,190.96
2026-03-05T08:00:00,cpu_usage,56.45
2026-03-05T08:00:00,request_latency_ms,181.54
2026-03-05T09:00:00,cpu_usage,59.62
2026-03-05T09:00:00,request_latency_ms,192.36
2026-03-05T10:00:00,cpu_usage,59.16
2026-03-05T10:00:00,request_latency_ms,197.66
2026-03-05T11:00:00,cpu_usage,55.20
2026-03-05T11:00:00,request_latency_ms,199.48
2026-03-05T12:00:00,cpu_usage,57.65
2026-03-05T12:00:00,request_latency_ms,187.72
2026-03-05T13:00:00,cpu_usage,57.95
2026-03-05T13:00:00,request_latency_ms,193.84
2026-03-05T14:00:00,cpu_usage,60.03
2026-03-05T14:00:00,request_latency_ms,184.61
2026-03-05T15:00:00,cpu_usage,58.09
2026-03-05T15:00:00,request_latency_ms,183.44
2026-03-05T16:00:00,cpu_usage,62.19
2026-03-05T16:00:00,request_latency_ms,182.10
2026-03-05T17:00:00,cpu_usage,55.19
2026-03-05T17:00:00,request_latency_ms,189.19
2026-03-05T18:00:00,cpu_usage,61.29
2026-03-05T18:00:00,request_latency_ms,182.65
2026-03-05T19:00:00,cpu_usage,61.60
2026-03-05T19:00:00,request_latency_ms,192.36
2026-03-05T20:00:00,cpu_usage,55.10
2026-03-05T20:00:00,request_latency_ms,195.90
2026-03-05T21:00:00,cpu_usage,61.87
2026-03-05T21:00:00,request_latency_ms,193.23
2026-03-05T22:00:00,cpu_usage,60.75
2026-03-05T22:00:00,request_latency_ms,187.03
2026-03-05T23:00:00,cpu_usage,55.13
2026-03-05T23:00:00,request_latency_ms,190.29
2026-03-06T00:00:00,cpu_usage,56.44
2026-03-06T00:00:00,request_latency_ms,196.78
2026-03-06T01:00:00,cpu_usage,62.29
2026-03-06T01:00:00,request_latency_ms,190.44
2026-03-06T02:00:00,cpu_usage,60.67
2026-03-06T02:00:00,request_latency_ms,193.28
2026-03-06T03:00:00,cpu_usage,60.47
2026-03-06T03:00:00,request_latency_ms,186.56
2026-03-06T04:00:00,cpu_usage,59.56
2026-03-06T04:00:00,request_latency_ms,197.03
2026-03-06T05:00:00,cpu_usage,57.75
2026-03-06T05:00:00,request_latency_ms,187.18
2026-03-06T06:00:00,cpu_usage,58.33
2026-03-06T06:00:00,request_latency_ms,191.11
2026-03-06T07:00:00,cpu_usage,62.74
2026-03-06T07:00:00,request_latency_ms,199.26
2026-03-06T08:00:00,cpu_usage,56.90
2026-03-06T08:00:00,request_latency_ms,198.07
2026-03-06T09:00:00,cpu_usage,62.97
2026-03-06T09:00:00,request_latency_ms,193.75
2026-03-06T10:00:00,cpu_usage,57.07
2026-03-06T10:00:00,request_latency_ms,198.96
2026-03-06T11:00:00,cpu_usage,61.97
2026-03-06T11:00:00,request_latency_ms,197.51
2026-03-06T12:00:00,cpu_usage,57.23
2026-03-06T12:00:00,request_latency_ms,197.79
2026-03-06T13:00:00,cpu_usage,56.51
2026-03-06T13:00:00,request_latency_ms,195.61
2026-03-06T14:00:00,cpu_usage,57.71
2026-03-06T14:00:00,request_latency_ms,190.14
2026-03-06T15:00:00,cpu_usage,58.31
2026-03-06T15:00:00,request_latency_ms,190.46
2026-03-06T16:00:00,cpu_usage,59.04
2026-03-06T16:00:00,request_latency_ms,187.96
2026-03-06T17:00:00,cpu_usage,59.19
2026-03-06T17:00:00,request_latency_ms,181.70
2026-03-06T18:00:00,cpu_usage,61.39
2026-03-06T18:00:00,request_latency_ms,181.76
2026-03-06T19:00:00,cpu_usage,56.12
2026-03-06T19:00:00,request_latency_ms,192.31
2026-03-06T20:00:00,cpu_usage,61.11
2026-03-06T20:00:00,request_latency_ms,183.61
2026-03-06T21:00:00,cpu_usage,55.29
2026-03-06T21:00:00,request_latency_ms,193.68
2026-03-06T22:00:00,cpu_usage,59.49
2026-03-06T22:00:00,request_latency_ms,199.61
2026-03-06T23:00:00,cpu_usage,61.85
2026-03-06T23:00:00,request_latency_ms,195.52
2026-03-07T00:00:00,cpu_usage,60.06
2026-03-07T00:00:00,request_latency_ms,199.09
2026-03-07T01:00:00,cpu_usage,55.94
2026-03-07T01:00:00,request_latency_ms,182.47
2026-03-07T02:00:00,cpu_usage,57.74
2026-03-07T02:00:00,request_latency_ms,193.24
2026-03-07T03:00:00,cpu_usage,60.53
2026-03-07T03:00:00,request_latency_ms,180.30
2026-03-07T04:00:00,cpu_usage,55.37
2026-03-07T04:00:00,request_latency_ms,183.39
2026-03-07T05:00:00,cpu_usage,57.73
2026-03-07T05:00:00,request_latency_ms,197.75
2026-03-07T06:00:00,cpu_usage,58.31
2026-03-07T06:00:00,request_latency_ms,192.10
2026-03-07T07:00:00,cpu_usage,58.06
2026-03-07T07:00:00,request_latency_ms,182.49
2026-03-07T08:00:00,cpu_usage,58.36
2026-03-07T08:00:00,request_latency_ms,195.29
2026-03-07T09:00:00,cpu_usage,62.22
2026-03-07T09:00:00,request_latency_ms,186.13
2026-03-07T10:00:00,cpu_usage,61.27
2026-03-07T10:00:00,request_latency_ms,193.07
2026-03-07T11:00:00,cpu_usage,55.98
2026-03-07T11:00:00,request_latency_ms,199.62
2026-03-07T12:00:00,cpu_usage,58.09
2026-03-07T12:00:00,request_latency_ms,192.97
2026-03-07T13:00:00,cpu_usage,57.19
2026-03-07T13:00:00,request_latency_ms,198.98
2026-03-07T14:00:00,cpu_usage,62.07
2026-03-07T14:00:00,request_latency_ms,186.47
2026-03-07T15:00:00,cpu_usage,58.38
2026-03-07T15:00:00,request_latency_ms,186.67
2026-03-07T16:00:00,cpu_usage,58.01
2026-03-07T16:00:00,request_latency_ms,185.44
2026-03-07T17:00:00,cpu_usage,61.03
2026-03-07T17:00:00,request_latency_ms,184.37
2026-03-07T18:00:00,cpu_usage,57.35
2026-03-07T18:00:00,request_latency_ms,183.36
2026-03-07T19:00:00,cpu_usage,61.69
2026-03-07T19:00:00,request_latency_ms,193.08
2026-03-07T20:00:00,cpu_usage,58.02
2026-03-07T20:00:00,request_latency_ms,184.59
2026-03-07T21:00:00,cpu_usage,60.87
2026-03-07T21:00:00,request_latency_ms,197.36
2026-03-07T22:00:00,cpu_usage,58.13
2026-03-07T22:00:00,request_latency_ms,193.75
2026-03-07T23:00:00,cpu_usage,56.36
2026-03-07T23:00:00,request_latency_ms,185.41
2026-03-08T00:00:00,cpu_usage,58.59
2026-03-08T00:00:00,request_latency_ms,183.23
2026-03-08T01:00:00,cpu_usage,56.78
2026-03-08T01:00:00,request_latency_ms,197.44
2026-03-08T02:00:00,cpu_usage,58.21
2026-03-08T02:00:00,request_latency_ms,180.67
2026-03-08T03:00:00,cpu_usage,59.11
2026-03-08T03:00:00,request_latency_ms,189.79
2026-03-08T04:00:00,cpu_usage,60.81
2026-03-08T04:00:00,request_latency_ms,195.68
2026-03-08T05:00:00,cpu_usage,61.92
2026-03-08T05:00:00,request_latency_ms,182.30
2026-03-08T06:00:00,cpu_usage,57.06
2026-03-08T06:00:00,request_latency_ms,197.48
2026-03-08T07:00:00,cpu_usage,56.81
2026-03-08T07:00:00,request_latency_ms,189.19
2026-03-08T08:00:00,cpu_usage,55.76
2026-03-08T08:00:00,request_latency_ms,198.89
2026-03-08T09:00:00,cpu_usage,59.57
2026-03-08T09:00:00,request_latency_ms,189.49
2026-03-08T10:00:00,cpu_usage,59.73
2026-03-08T10:00:00,request_latency_ms,198.42
2026-03-08T11:00:00,cpu_usage,55.99
2026-03-08T11:00:00,request_latency_ms,185.46
2026-03-08T12:00:00,cpu_usage,60.51
2026-03-08T12:00:00,request_latency_ms,198.57
2026-03-08T13:00:00,cpu_usage,59.46
2026-03-08T13:00:00,request_latency_ms,181.71
2026-03-08T14:00:00,cpu_usage,62.72
2026-03-08T14:00:00,request_latency_ms,184.11
2026-03-08T15:00:00,cpu_usage,61.62
2026-03-08T15:00:00,request_latency_ms,195.35
2026-03-08T16:00:00,cpu_usage,67.38
2026-03-08T16:00:00,request_latency_ms,184.16
2026-03-08T17:00:00,cpu_usage,59.21
2026-03-08T17:00:00,request_latency_ms,192.58
2026-03-08T18:00:00,cpu_usage,56.61
2026-03-08T18:00:00,request_latency_ms,193.64
2026-03-08T19:00:00,cpu_usage,57.30
2026-03-08T19:00:00,request_latency_ms,191.78
2026-03-08T20:00:00,cpu_usage,56.51
2026-03-08T20:00:00,request_latency_ms,188.70
2026-03-08T21:00:00,cpu_usage,57.92
2026-03-08T21:00:00,request_latency_ms,182.94
2026-03-08T22:00:00,cpu_usage,56.39
2026-03-08T22:00:00,request_latency_ms,199.64
2026-03-08T23:00:00,cpu_usage,57.09
2026-03-08T23:00:00,request_latency_ms,181.06
2026-03-09T00:00:00,cpu_usage,60.27
2026-03-09T00:00:00,request_latency_ms,192.25
2026-03-09T01:00:00,cpu_usage,57.51
2026-03-09T01:00:00,request_latency_ms,199.02
2026-03-09T02:00:00,cpu_usage,60.55
2026-03-09T02:00:00,request_latency_ms,184.01
2026-03-09T03:00:00,cpu_usage,57.23
2026-03-09T03:00:00,request_latency_ms,182.39
2026-03-09T04:00:00,cpu_usage,61.87
2026-03-09T04:00:00,request_latency_ms,185.01
2026-03-09T05:00:00,cpu_usage,56.57
2026-03-09T05:00:00,request_latency_ms,184.79
2026-03-09T06:00:00,cpu_usage,61.33
2026-03-09T06:00:00,request_latency_ms,197.77
2026-03-09T07:00:00,cpu_usage,57.35
2026-03-09T07:00:00,request_latency_ms,187.23
2026-03-09T08:00:00,cpu_usage,57.05
2026-03-09T08:00:00,request_latency_ms,180.97
2026-03-09T09:00:00,cpu_usage,59.18
2026-03-09T09:00:00,request_latency_ms,187.82
2026-03-09T10:00:00,cpu_usage,55.85
2026-03-09T10:00:00,request_latency_ms,192.53
2026-03-09T11:00:00,cpu_usage,55.38
2026-03-09T11:00:00,request_latency_ms,197.54
2026-03-09T12:00:00,cpu_usage,59.22
2026-03-09T12:00:00,request_latency_ms,187.04
2026-03-09T13:00:00,cpu_usage,60.53
2026-03-09T13:00:00,request_latency_ms,184.73
2026-03-09T14:00:00,cpu_usage,59.00
2026-03-09T14:00:00,request_latency_ms,199.52
2026-03-09T15:00:00,cpu_usage,59.89
2026-03-09T15:00:00,request_latency_ms,191.14
2026-03-09T16:00:00,cpu_usage,62.93
2026-03-09T16:00:00,request_latency_ms,184.22
2026-03-09T17:00:00,cpu_usage,55.02
2026-03-09T17:00:00,request_latency_ms,180.49
2026-03-09T18:00:00,cpu_usage,61.69
2026-03-09T18:00:00,request_latency_ms,194.40
2026-03-09T19:00:00,cpu_usage,58.88
2026-03-09T19:00:00,request_latency_ms,193.91
2026-03-09T20:00:00,cpu_usage,59.06
2026-03-09T20:00:00,request_latency_ms,180.15
2026-03-09T21:00:00,cpu_usage,62.89
2026-03-09T21:00:00,request_latency_ms,189.17
2026-03-09T22:00:00,cpu_usage,59.25
2026-03-09T22:00:00,request_latency_ms,197.68
2026-03-09T23:00:00,cpu_usage,59.17
2026-03-09T23:00:00,request_latency_ms,190.34
2026-03-10T00:00:00,cpu_usage,55.03
2026-03-10T00:00:00,request_latency_ms,186.08
2026-03-10T01:00:00,cpu_usage,59.39
2026-03-10T01:00:00,request_latency_ms,181.83
2026-03-10T02:00:00,cpu_usage,55.06
2026-03-10T02:00:00,request_latency_ms,199.67
2026-03-10T03:00:00,cpu_usage,61.86
2026-03-10T03:00:00,request_latency_ms,196.87
2026-03-10T04:00:00,cpu_usage,56.65
2026-03-10T04:00:00,request_latency_ms,198.55
2026-03-10T05:00:00,cpu_usage,57.15
2026-03-10T05:00:00,request_latency_ms,187.82
2026-03-10T06:00:00,cpu_usage,62.77
2026-03-10T06:00:00,request_latency_ms,195.21
2026-03-10T07:00:00,cpu_usage,61.16
2026-03-10T07:00:00,request_latency_ms,182.70
2026-03-10T08:00:00,cpu_usage,58.20
2026-03-10T08:00:00,request_latency_ms,182.54
2026-03-10T09:00:00,cpu_usage,60.39
2026-03-10T09:00:00,request_latency_ms,189.93
2026-03-10T10:00:00,cpu_usage,60.27
2026-03-10T10:00:00,request_latency_ms,198.04
2026-03-10T11:00:00,cpu_usage,58.30
2026-03-10T11:00:00,request_latency_ms,180.21
2026-03-10T12:00:00,cpu_usage,55.11
2026-03-10T12:00:00,request_latency_ms,185.35
2026-03-10T13:00:00,cpu_usage,60.93
2026-03-10T13:00:00,request_latency_ms,181.91
2026-03-10T14:00:00,cpu_usage,62.88
2026-03-10T14:00:00,request_latency_ms,198.56
2026-03-10T15:00:00,cpu_usage,59.37
2026-03-10T15:00:00,request_latency_ms,190.48
2026-03-10T16:00:00,cpu_usage,60.60
2026-03-10T16:00:00,request_latency_ms,185.76
2026-03-10T17:00:00,cpu_usage,58.39
2026-03-10T17:00:00,request_latency_ms,194.81
2026-03-10T18:00:00,cpu_usage,58.19
2026-03-10T18:00:00,request_latency_ms,182.99
2026-03-10T19:00:00,cpu_usage,57.88
2026-03-10T19:00:00,request_latency_ms,198.50
2026-03-10T20:00:00,cpu_usage,59.97
2026-03-10T20:00:00,request_latency_ms,182.55
2026-03-10T21:00:00,cpu_usage,57.48
2026-03-10T21:00:00,request_latency_ms,187.50
2026-03-10T22:00:00,cpu_usage,55.90
2026-03-10T22:00:00,request_latency_ms,182.93
2026-03-10T23:00:00,cpu_usage,56.88
2026-03-10T23:00:00,request_latency_ms,188.74
2026-03-11T00:00:00,cpu_usage,55.97
2026-03-11T00:00:00,request_latency_ms,186.08
2026-03-11T01:00:00,cpu_usage,62.01
2026-03-11T01:00:00,request_latency_ms,185.51
2026-03-11T02:00:00,cpu_usage,58.06
2026-03-11T02:00:00,request_latency_ms,180.89
2026-03-11T03:00:00,cpu_usage,55.98
2026-03-11T03:00:00,request_latency_ms,181.90
2026-03-11T04:00:00,cpu_usage,61.72
2026-03-11T04:00:00,request_latency_ms,181.37
2026-03-11T05:00:00,cpu_usage,57.82
2026-03-11T05:00:00,request_latency_ms,180.99
2026-03-11T06:00:00,cpu_usage,59.25
2026-03-11T06:00:00,request_latency_ms,187.25
2026-03-11T07:00:00,cpu_usage,56.54
2026-03-11T07:00:00,request_latency_ms,197.46
2026-03-11T08:00:00,cpu_usage,56.73
2026-03-11T08:00:00,request_latency_ms,189.44
2026-03-11T09:00:00,cpu_usage,56.26
2026-03-11T09:00:00,request_latency_ms,182.17
2026-03-11T10:00:00,cpu_usage,59.82
2026-03-11T10:00:00,request_latency_ms,198.67
2026-03-11T11:00:00,cpu_usage,60.00
2026-03-11T11:00:00,request_latency_ms,187.82
2026-03-11T12:00:00,cpu_usage,60.97
2026-03-11T12:00:00,request_latency_ms,196.08
2026-03-11T13:00:00,cpu_usage,57.96
2026-03-11T13:00:00,request_latency_ms,197.07
2026-03-11T14:00:00,cpu_usage,59.06
2026-03-11T14:00:00,request_latency_ms,181.03
2026-03-11T15:00:00,cpu_usage,62.95
2026-03-11T15:00:00,request_latency_ms,186.41
2026-03-11T16:00:00,cpu_usage,55.18
2026-03-11T16:00:00,request_latency_ms,181.59
2026-03-11T17:00:00,cpu_usage,57.29
2026-03-11T17:00:00,request_latency_ms,190.16
2026-03-11T18:00:00,cpu_usage,57.13
2026-03-11T18:00:00,request_latency_ms,182.00
2026-03-11T19:00:00,cpu_usage,61.67
2026-03-11T19:00:00,request_latency_ms,194.66
2026-03-11T20:00:00,cpu_usage,62.91
2026-03-11T20:00:00,request_latency_ms,195.57
2026-03-11T21:00:00,cpu_usage,61.40
2026-03-11T21:00:00,request_latency_ms,193.55
2026-03-11T22:00:00,cpu_usage,56.08
2026-03-11T22:00:00,request_latency_ms,180.73
2026-03-11T23:00:00,cpu_usage,55.26
2026-03-11T23:00:00,request_latency_ms,188.18
2026-03-12T00:00:00,cpu_usage,57.09
2026-03-12T00:00:00,request_latency_ms,194.24
2026-03-12T01:00:00,cpu_usage,61.06
2026-03-12T01:00:00,request_latency_ms,193.11
2026-03-12T02:00:00,cpu_usage,59.85
2026-03-12T02:00:00,request_latency_ms,184.49
2026-03-12T03:00:00,cpu_usage,55.94
2026-03-12T03:00:00,request_latency_ms,186.11
2026-03-12T04:00:00,cpu_usage,56.07
2026-03-12T04:00:00,request_latency_ms,187.42
2026-03-12T05:00:00,cpu_usage,58.77
2026-03-12T05:00:00,request_latency_ms,197.75
2026-03-12T06:00:00,cpu_usage,60.81
2026-03-12T06:00:00,request_latency_ms,190.08
2026-03-12T07:00:00,cpu_usage,61.76
2026-03-12T07:00:00,request_latency_ms,195.30
2026-03-12T08:00:00,cpu_usage,62.30
2026-03-12T08:00:00,request_latency_ms,193.99
2026-03-12T09:00:00,cpu_usage,56.81
2026-03-12T09:00:00,request_latency_ms,180.99
2026-03-12T10:00:00,cpu_usage,55.93
2026-03-12T10:00:00,request_latency_ms,185.89
2026-03-12T11:00:00,cpu_usage,56.09
2026-03-12T11:00:00,request_latency_ms,195.98
2026-03-12T12:00:00,cpu_usage,58.59
2026-03-12T12:00:00,request_latency_ms,196.60
2026-03-12T13:00:00,cpu_usage,61.82
2026-03-12T13:00:00,request_latency_ms,193.50
2026-03-12T14:00:00,cpu_usage,58.47
2026-03-12T14:00:00,request_latency_ms,195.09
2026-03-12T15:00:00,cpu_usage,57.31
2026-03-12T15:00:00,request_latency_ms,185.42
2026-03-12T16:00:00,cpu_usage,56.97
2026-03-12T16:00:00,request_latency_ms,184.36
2026-03-12T17:00:00,cpu_usage,55.13
2026-03-12T17:00:00,request_latency_ms,198.59
2026-03-12T18:00:00,cpu_usage,55.74
2026-03-12T18:00:00,request_latency_ms,195.87
2026-03-12T19:00:00,cpu_usage,56.36
2026-03-12T19:00:00,request_latency_ms,187.14
2026-03-12T20:00:00,cpu_usage,61.63
2026-03-12T20:00:00,request_latency_ms,191.65
2026-03-12T21:00:00,cpu_usage,62.65
2026-03-12T21:00:00,request_latency_ms,185.77
2026-03-12T22:00:00,cpu_usage,55.25
2026-03-12T22:00:00,request_latency_ms,182.04
2026-03-12T23:00:00,cpu_usage,62.73
2026-03-12T23:00:00,request_latency_ms,188.60
2026-03-13T00:00:00,cpu_usage,60.45
2026-03-13T00:00:00,request_latency_ms,181.35
2026-03-13T01:00:00,cpu_usage,62.13
2026-03-13T01:00:00,request_latency_ms,180.79
2026-03-13T02:00:00,cpu_usage,60.85
2026-03-13T02:00:00,request_latency_ms,199.71
2026-03-13T03:00:00,cpu_usage,55.18
2026-03-13T03:00:00,request_latency_ms,189.15
2026-03-13T04:00:00,cpu_usage,62.37
2026-03-13T04:00:00,request_latency_ms,196.06
2026-03-13T05:00:00,cpu_usage,57.49
2026-03-13T05:00:00,request_latency_ms,188.50
2026-03-13T06:00:00,cpu_usage,56.49
2026-03-13T06:00:00,request_latency_ms,198.57
2026-03-13T07:00:00,cpu_usage,59.84
2026-03-13T07:00:00,request_latency_ms,184.42
2026-03-13T08:00:00,cpu_usage,55.55
2026-03-13T08:00:00,request_latency_ms,183.94
2026-03-13T09:00:00,cpu_usage,60.79
2026-03-13T09:00:00,request_latency_ms,195.38
2026-03-13T10:00:00,cpu_usage,58.71
2026-03-13T10:00:00,request_latency_ms,193.78
2026-03-13T11:00:00,cpu_usage,58.38
2026-03-13T11:00:00,request_latency_ms,191.51
2026-03-13T12:00:00,cpu_usage,59.00
2026-03-13T12:00:00,request_latency_ms,193.81
2026-03-13T13:00:00,cpu_usage,59.35
2026-03-13T13:00:00,request_latency_ms,194.84
2026-03-13T14:00:00,cpu_usage,57.32
2026-03-13T14:00:00,request_latency_ms,188.72
2026-03-13T15:00:00,cpu_usage,56.85
2026-03-13T15:00:00,request_latency_ms,189.41
2026-03-13T16:00:00,cpu_usage,57.08
2026-03-13T16:00:00,request_latency_ms,181.25
2026-03-13T17:00:00,cpu_usage,55.48
2026-03-13T17:00:00,request_latency_ms,193.80
2026-03-13T18:00:00,cpu_usage,56.90
2026-03-13T18:00:00,request_latency_ms,182.26
2026-03-13T19:00:00,cpu_usage,62.49
2026-03-13T19:00:00,request_latency_ms,193.75
2026-03-13T20:00:00,cpu_usage,59.86
2026-03-13T20:00:00,request_latency_ms,193.99
2026-03-13T21:00:00,cpu_usage,56.48
2026-03-13T21:00:00,request_latency_ms,195.77
2026-03-13T22:00:00,cpu_usage,57.48
2026-03-13T22:00:00,request_latency_ms,196.46
2026-03-13T23:00:00,cpu_usage,56.42
2026-03-13T23:00:00,request_latency_ms,195.52
2026-03-14T00:00:00,cpu_usage,62.54
2026-03-14T00:00:00,request_latency_ms,193.53
2026-03-14T01:00:00,cpu_usage,62.88
2026-03-14T01:00:00,request_latency_ms,189.98
2026-03-14T02:00:00,cpu_usage,55.43
2026-03-14T02:00:00,request_latency_ms,197.45
2026-03-14T03:00:00,cpu_usage,55.61
2026-03-14T03:00:00,request_latency_ms,196.79
2026-03-14T04:00:00,cpu_usage,59.12
2026-03-14T04:00:00,request_latency_ms,183.35
2026-03-14T05:00:00,cpu_usage,56.60
2026-03-14T05:00:00,request_latency_ms,196.92
2026-03-14T06:00:00,cpu_usage,62.88
2026-03-14T06:00:00,request_latency_ms,190.76
2026-03-14T07:00:00,cpu_usage,60.00
2026-03-14T07:00:00,request_latency_ms,182.08
2026-03-14T08:00:00,cpu_usage,55.73
2026-03-14T08:00:00,request_latency_ms,189.70
2026-03-14T09:00:00,cpu_usage,58.30
2026-03-14T09:00:00,request_latency_ms,180.16
2026-03-14T10:00:00,cpu_usage,55.45
2026-03-14T10:00:00,request_latency_ms,183.44
2026-03-14T11:00:00,cpu_usage,61.34
2026-03-14T11:00:00,request_latency_ms,180.67
2026-03-14T12:00:00,cpu_usage,62.91
2026-03-14T12:00:00,request_latency_ms,192.85
2026-03-14T13:00:00,cpu_usage,59.51
2026-03-14T13:00:00,request_latency_ms,182.35
2026-03-14T14:00:00,cpu_usage,62.29
2026-03-14T14:00:00,request_latency_ms,197.27
2026-03-14T15:00:00,cpu_usage,57.73
2026-03-14T15:00:00,request_latency_ms,184.08
2026-03-14T16:00:00,cpu_usage,55.74
2026-03-14T16:00:00,request_latency_ms,194.91
2026-03-14T17:00:00,cpu_usage,55.31
2026-03-14T17:00:00,request_latency_ms,182.30
2026-03-14T18:00:00,cpu_usage,55.79
2026-03-14T18:00:00,request_latency_ms,196.19
2026-03-14T19:00:00,cpu_usage,55.48
2026-03-14T19:00:00,request_latency_ms,199.94
2026-03-14T20:00:00,cpu_usage,57.01
2026-03-14T20:00:00,request_latency_ms,189.43
2026-03-14T21:00:00,cpu_usage,55.45
2026-03-14T21:00:00,request_latency_ms,180.25
2026-03-14T22:00:00,cpu_usage,57.92
2026-03-14T22:00:00,request_latency_ms,187.95
2026-03-14T23:00:00,cpu_usage,56.63
2026-03-14T23:00:00,request_latency_ms,183.00
2026-03-15T00:00:00,cpu_usage,56.47
2026-03-15T00:00:00,request_latency_ms,197.80
2026-03-15T01:00:00,cpu_usage,58.49
2026-03-15T01:00:00,request_latency_ms,199.53
2026-03-15T02:00:00,cpu_usage,60.14
2026-03-15T02:00:00,request_latency_ms,190.01
2026-03-15T03:00:00,cpu_usage,61.01
2026-03-15T03:00:00,request_latency_ms,195.07
2026-03-15T04:00:00,cpu_usage,62.70
2026-03-15T04:00:00,request_latency_ms,197.79
2026-03-15T05:00:00,cpu_usage,55.71
2026-03-15T05:00:00,request_latency_ms,190.95
2026-03-15T06:00:00,cpu_usage,57.36
2026-03-15T06:00:00,request_latency_ms,189.59
2026-03-15T07:00:00,cpu_usage,56.21
2026-03-15T07:00:00,request_latency_ms,181.68
2026-03-15T08:00:00,cpu_usage,55.63
2026-03-15T08:00:00,request_latency_ms,187.71
2026-03-15T09:00:00,cpu_usage,55.12
2026-03-15T09:00:00,request_latency_ms,181.71
2026-03-15T10:00:00,cpu_usage,55.15
2026-03-15T10:00:00,request_latency_ms,191.82
2026-03-15T11:00:00,cpu_usage,62.68
2026-03-15T11:00:00,request_latency_ms,189.95
2026-03-15T12:00:00,cpu_usage,58.36
2026-03-15T12:00:00,request_latency_ms,199.73
2026-03-15T13:00:00,cpu_usage,61.64
2026-03-15T13:00:00,request_latency_ms,189.56
2026-03-15T14:00:00,cpu_usage,60.26
2026-03-15T14:00:00,request_latency_ms,186.26
2026-03-15T15:00:00,cpu_usage,59.31
2026-03-15T15:00:00,request_latency_ms,188.77
2026-03-15T16:00:00,cpu_usage,56.99
2026-03-15T16:00:00,request_latency_ms,190.16
2026-03-15T17:00:00,cpu_usage,57.25
2026-03-15T17:00:00,request_latency_ms,197.38
2026-03-15T18:00:00,cpu_usage,57.26
2026-03-15T18:00:00,request_latency_ms,185.13
2026-03-15T19:00:00,cpu_usage,61.46
2026-03-15T19:00:00,request_latency_ms,195.44
2026-03-15T20:00:00,cpu_usage,58.84
2026-03-15T20:00:00,request_latency_ms,197.20
2026-03-15T21:00:00,cpu_usage,56.33
2026-03-15T21:00:00,request_latency_ms,180.25
2026-03-15T22:00:00,cpu_usage,60.64
2026-03-15T22:00:00,request_latency_ms,194.83
2026-03-15T23:00:00,cpu_usage,62.75
2026-03-15T23:00:00,request_latency_ms,198.38
2026-03-16T00:00:00,cpu_usage,61.06
2026-03-16T00:00:00,request_latency_ms,195.61
2026-03-16T01:00:00,cpu_usage,60.90
2026-03-16T01:00:00,request_latency_ms,189.41
2026-03-16T02:00:00,cpu_usage,57.87
2026-03-16T02:00:00,request_latency_ms,186.90
2026-03-16T03:00:00,cpu_usage,55.76
2026-03-16T03:00:00,request_latency_ms,184.36
2026-03-16T04:00:00,cpu_usage,58.11
2026-03-16T04:00:00,request_latency_ms,194.57
2026-03-16T05:00:00,cpu_usage,59.70
2026-03-16T05:00:00,request_latency_ms,187.38
2026-03-16T06:00:00,cpu_usage,60.27
2026-03-16T06:00:00,request_latency_ms,192.75
2026-03-16T07:00:00,cpu_usage,58.78
2026-03-16T07:00:00,request_latency_ms,186.92
2026-03-16T08:00:00,cpu_usage,60.80
2026-03-16T08:00:00,request_latency_ms,199.95
2026-03-16T09:00:00,cpu_usage,61.26
2026-03-16T09:00:00,request_latency_ms,189.63
2026-03-16T10:00:00,cpu_usage,59.61
2026-03-16T10:00:00,request_latency_ms,195.15
2026-03-16T11:00:00,cpu_usage,62.49
2026-03-16T11:00:00,request_latency_ms,193.34
2026-03-16T12:00:00,cpu_usage,55.59
2026-03-16T12:00:00,request_latency_ms,190.52
2026-03-16T13:00:00,cpu_usage,59.07
2026-03-16T13:00:00,request_latency_ms,191.84
2026-03-16T14:00:00,cpu_usage,55.39
2026-03-16T14:00:00,request_latency_ms,183.68
2026-03-16T15:00:00,cpu_usage,61.64
2026-03-16T15:00:00,request_latency_ms,180.46
2026-03-16T16:00:00,cpu_usage,57.24
2026-03-16T16:00:00,request_latency_ms,191.06
2026-03-16T17:00:00,cpu_usage,61.14
2026-03-16T17:00:00,request_latency_ms,199.11
2026-03-16T18:00:00,cpu_usage,60.71
2026-03-16T18:00:00,request_latency_ms,183.32
2026-03-16T19:00:00,cpu_usage,55.42
2026-03-16T19:00:00,request_latency_ms,185.84
2026-03-16T20:00:00,cpu_usage,58.35
2026-03-16T20:00:00,request_latency_ms,188.22
2026-03-16T21:00:00,cpu_usage,57.80
2026-03-16T21:00:00,request_latency_ms,183.35
2026-03-16T22:00:00,cpu_usage,58.61
2026-03-16T22:00:00,request_latency_ms,181.94
2026-03-16T23:00:00,cpu_usage,56.67
2026-03-16T23:00:00,request_latency_ms,198.93
2026-03-17T00:00:00,cpu_usage,68.77
2026-03-17T00:00:00,request_latency_ms,279.91
2026-03-17T01:00:00,cpu_usage,61.06
2026-03-17T01:00:00,request_latency_ms,192.42
2026-03-17T02:00:00,cpu_usage,57.47
2026-03-17T02:00:00,request_latency_ms,185.71
2026-03-17T03:00:00,cpu_usage,59.96
2026-03-17T03:00:00,request_latency_ms,190.34
2026-03-17T04:00:00,cpu_usage,60.85
2026-03-17T04:00:00,request_latency_ms,197.51
2026-03-17T05:00:00,cpu_usage,58.86
2026-03-17T05:00:00,request_latency_ms,180.97
2026-03-17T06:00:00,cpu_usage,57.73
2026-03-17T06:00:00,request_latency_ms,184.52
2026-03-17T07:00:00,cpu_usage,61.93
2026-03-17T07:00:00,request_latency_ms,192.52
2026-03-17T08:00:00,cpu_usage,56.59
2026-03-17T08:00:00,request_latency_ms,181.62
2026-03-17T09:00:00,cpu_usage,55.01
2026-03-17T09:00:00,request_latency_ms,189.14
2026-03-17T10:00:00,cpu_usage,55.49
2026-03-17T10:00:00,request_latency_ms,191.62
2026-03-17T11:00:00,cpu_usage,58.10
2026-03-17T11:00:00,request_latency_ms,190.78
2026-03-17T12:00:00,cpu_usage,55.88
2026-03-17T12:00:00,request_latency_ms,197.46
2026-03-17T13:00:00,cpu_usage,61.99
2026-03-17T13:00:00,request_latency_ms,198.10
2026-03-17T14:00:00,cpu_usage,59.71
2026-03-17T14:00:00,request_latency_ms,180.67
2026-03-17T15:00:00,cpu_usage,57.59
2026-03-17T15:00:00,request_latency_ms,197.63
2026-03-17T16:00:00,cpu_usage,56.99
2026-03-17T16:00:00,request_latency_ms,195.30
2026-03-17T17:00:00,cpu_usage,60.61
2026-03-17T17:00:00,request_latency_ms,194.82
2026-03-17T18:00:00,cpu_usage,61.31
2026-03-17T18:00:00,request_latency_ms,189.65
2026-03-17T19:00:00,cpu_usage,57.81
2026-03-17T19:00:00,request_latency_ms,187.18
2026-03-17T20:00:00,cpu_usage,55.54
2026-03-17T20:00:00,request_latency_ms,194.28
2026-03-17T21:00:00,cpu_usage,62.57
2026-03-17T21:00:00,request_latency_ms,180.95
2026-03-17T22:00:00,cpu_usage,60.28
2026-03-17T22:00:00,request_latency_ms,198.03
2026-03-17T23:00:00,cpu_usage,59.87
2026-03-17T23:00:00,request_latency_ms,181.44
2026-03-18T00:00:00,cpu_usage,60.14
2026-03-18T00:00:00,request_latency_ms,194.56
2026-03-18T01:00:00,cpu_usage,59.90
2026-03-18T01:00:00,request_latency_ms,183.54
2026-03-18T02:00:00,cpu_usage,58.98
2026-03-18T02:00:00,request_latency_ms,198.26
2026-03-18T03:00:00,cpu_usage,61.80
2026-03-18T03:00:00,request_latency_ms,192.92
2026-03-18T04:00:00,cpu_usage,57.31
2026-03-18T04:00:00,request_latency_ms,193.01
2026-03-18T05:00:00,cpu_usage,58.18
2026-03-18T05:00:00,request_latency_ms,188.61
2026-03-18T06:00:00,cpu_usage,61.68
2026-03-18T06:00:00,request_latency_ms,183.48
2026-03-18T07:00:00,cpu_usage,55.53
2026-03-18T07:00:00,request_latency_ms,180.13
2026-03-18T08:00:00,cpu_usage,55.49
2026-03-18T08:00:00,request_latency_ms,191.36
2026-03-18T09:00:00,cpu_usage,59.76
2026-03-18T09:00:00,request_latency_ms,192.77
2026-03-18T10:00:00,cpu_usage,59.79
2026-03-18T10:00:00,request_latency_ms,196.15
2026-03-18T11:00:00,cpu_usage,60.91
2026-03-18T11:00:00,request_latency_ms,185.81
2026-03-18T12:00:00,cpu_usage,60.06
2026-03-18T12:00:00,request_latency_ms,183.73
2026-03-18T13:00:00,cpu_usage,61.70
2026-03-18T13:00:00,request_latency_ms,192.13
2026-03-18T14:00:00,cpu_usage,60.25
2026-03-18T14:00:00,request_latency_ms,198.62
2026-03-18T15:00:00,cpu_usage,62.66
2026-03-18T15:00:00,request_latency_ms,181.19
2026-03-18T16:00:00,cpu_usage,57.03
2026-03-18T16:00:00,request_latency_ms,197.97
2026-03-18T17:00:00,cpu_usage,56.61
2026-03-18T17:00:00,request_latency_ms,184.50
2026-03-18T18:00:00,cpu_usage,60.13
2026-03-18T18:00:00,request_latency_ms,189.53
2026-03-18T19:00:00,cpu_usage,60.70
2026-03-18T19:00:00,request_latency_ms,189.82
2026-03-18T20:00:00,cpu_usage,60.26
2026-03-18T20:00:00,request_latency_ms,181.36
2026-03-18T21:00:00,cpu_usage,55.40
2026-03-18T21:00:00,request_latency_ms,180.47
2026-03-18T22:00:00,cpu_usage,61.15
2026-03-18T22:00:00,request_latency_ms,197.65
2026-03-18T23:00:00,cpu_usage,61.69
2026-03-18T23:00:00,request_latency_ms,196.68
2026-03-19T00:00:00,cpu_usage,58.50
2026-03-19T00:00:00,request_latency_ms,188.64
2026-03-19T01:00:00,cpu_usage,56.47
2026-03-19T01:00:00,request_latency_ms,197.26
2026-03-19T02:00:00,cpu_usage,55.06
2026-03-19T02:00:00,request_latency_ms,197.43
2026-03-19T03:00:00,cpu_usage,58.86
2026-03-19T03:00:00,request_latency_ms,188.75
2026-03-19T04:00:00,cpu_usage,59.41
2026-03-19T04:00:00,request_latency_ms,194.70
2026-03-19T05:00:00,cpu_usage,55.89
2026-03-19T05:00:00,request_latency_ms,180.27
2026-03-19T06:00:00,cpu_usage,62.27
2026-03-19T06:00:00,request_latency_ms,186.94
2026-03-19T07:00:00,cpu_usage,59.09
2026-03-19T07:00:00,request_latency_ms,180.74
2026-03-19T08:00:00,cpu_usage,62.22
2026-03-19T08:00:00,request_latency_ms,189.60
2026-03-19T09:00:00,cpu_usage,56.78
2026-03-19T09:00:00,request_latency_ms,199.62
2026-03-19T10:00:00,cpu_usage,56.24
2026-03-19T10:00:00,request_latency_ms,188.67
2026-03-19T11:00:00,cpu_usage,59.60
2026-03-19T11:00:00,request_latency_ms,193.33
2026-03-19T12:00:00,cpu_usage,61.16
2026-03-19T12:00:00,request_latency_ms,199.22
2026-03-19T13:00:00,cpu_usage,60.51
2026-03-19T13:00:00,request_latency_ms,189.45
2026-03-19T14:00:00,cpu_usage,56.21
2026-03-19T14:00:00,request_latency_ms,198.07
2026-03-19T15:00:00,cpu_usage,61.70
2026-03-19T15:00:00,request_latency_ms,199.52
2026-03-19T16:00:00,cpu_usage,59.67
2026-03-19T16:00:00,request_latency_ms,197.66
2026-03-19T17:00:00,cpu_usage,59.33
2026-03-19T17:00:00,request_latency_ms,194.06
2026-03-19T18:00:00,cpu_usage,61.15
2026-03-19T18:00:00,request_latency_ms,193.45
2026-03-19T19:00:00,cpu_usage,56.53
2026-03-19T19:00:00,request_latency_ms,182.15
2026-03-19T20:00:00,cpu_usage,57.49
2026-03-19T20:00:00,request_latency_ms,196.58
2026-03-19T21:00:00,cpu_usage,57.20
2026-03-19T21:00:00,request_latency_ms,187.89
2026-03-19T22:00:00,cpu_usage,60.77
2026-03-19T22:00:00,request_latency_ms,188.55
2026-03-19T23:00:00,cpu_usage,59.74
2026-03-19T23:00:00,request_latency_ms,184.71
2026-03-20T00:00:00,cpu_usage,61.16
2026-03-20T00:00:00,request_latency_ms,182.76
2026-03-20T01:00:00,cpu_usage,61.02
2026-03-20T01:00:00,request_latency_ms,180.91
2026-03-20T02:00:00,cpu_usage,62.90
2026-03-20T02:00:00,request_latency_ms,185.96
2026-03-20T03:00:00,cpu_usage,56.63
2026-03-20T03:00:00,request_latency_ms,180.69
2026-03-20T04:00:00,cpu_usage,58.50
2026-03-20T04:00:00,request_latency_ms,195.40
2026-03-20T05:00:00,cpu_usage,59.17
2026-03-20T05:00:00,request_latency_ms,187.54
2026-03-20T06:00:00,cpu_usage,58.87
2026-03-20T06:00:00,request_latency_ms,190.93
2026-03-20T07:00:00,cpu_usage,55.64
2026-03-20T07:00:00,request_latency_ms,180.82
2026-03-20T08:00:00,cpu_usage,62.78
2026-03-20T08:00:00,request_latency_ms,190.42
2026-03-20T09:00:00,cpu_usage,56.02
2026-03-20T09:00:00,request_latency_ms,186.90
2026-03-20T10:00:00,cpu_usage,56.73
2026-03-20T10:00:00,request_latency_ms,186.86
2026-03-20T11:00:00,cpu_usage,59.75
2026-03-20T11:00:00,request_latency_ms,185.66
2026-03-20T12:00:00,cpu_usage,62.15
2026-03-20T12:00:00,request_latency_ms,180.62
2026-03-20T13:00:00,cpu_usage,55.42
2026-03-20T13:00:00,request_latency_ms,188.76
2026-03-20T14:00:00,cpu_usage,57.03
2026-03-20T14:00:00,request_latency_ms,189.18
2026-03-20T15:00:00,cpu_usage,59.19
2026-03-20T15:00:00,request_latency_ms,184.39
2026-03-20T16:00:00,cpu_usage,60.85
2026-03-20T16:00:00,request_latency_ms,188.54
2026-03-20T17:00:00,cpu_usage,59.23
2026-03-20T17:00:00,request_latency_ms,193.25
2026-03-20T18:00:00,cpu_usage,56.50
2026-03-20T18:00:00,request_latency_ms,194.13
2026-03-20T19:00:00,cpu_usage,61.91
2026-03-20T19:00:00,request_latency_ms,182.18
2026-03-20T20:00:00,cpu_usage,55.12
2026-03-20T20:00:00,request_latency_ms,186.47
2026-03-20T21:00:00,cpu_usage,57.61
2026-03-20T21:00:00,request_latency_ms,181.50
2026-03-20T22:00:00,cpu_usage,59.82
2026-03-20T22:00:00,request_latency_ms,186.04
2026-03-20T23:00:00,cpu_usage,60.84
2026-03-20T23:00:00,request_latency_ms,181.10
2026-03-21T00:00:00,cpu_usage,62.70
2026-03-21T00:00:00,request_latency_ms,186.29
2026-03-21T01:00:00,cpu_usage,59.11
2026-03-21T01:00:00,request_latency_ms,189.21
2026-03-21T02:00:00,cpu_usage,57.55
2026-03-21T02:00:00,request_latency_ms,198.52
2026-03-21T03:00:00,cpu_usage,57.10
2026-03-21T03:00:00,request_latency_ms,196.11
2026-03-21T04:00:00,cpu_usage,61.48
2026-03-21T04:00:00,request_latency_ms,186.90
2026-03-21T05:00:00,cpu_usage,59.16
2026-03-21T05:00:00,request_latency_ms,184.52
2026-03-21T06:00:00,cpu_usage,59.86
2026-03-21T06:00:00,request_latency_ms,193.91
2026-03-21T07:00:00,cpu_usage,61.54
2026-03-21T07:00:00,request_latency_ms,183.93
2026-03-21T08:00:00,cpu_usage,55.77
2026-03-21T08:00:00,request_latency_ms,187.45
2026-03-21T09:00:00,cpu_usage,57.62
2026-03-21T09:00:00,request_latency_ms,199.10
2026-03-21T10:00:00,cpu_usage,62.41
2026-03-21T10:00:00,request_latency_ms,194.45
2026-03-21T11:00:00,cpu_usage,57.09
2026-03-21T11:00:00,request_latency_ms,185.30
2026-03-21T12:00:00,cpu_usage,60.08
2026-03-21T12:00:00,request_latency_ms,196.43
2026-03-21T13:00:00,cpu_usage,60.39
2026-03-21T13:00:00,request_latency_ms,191.46
2026-03-21T14:00:00,cpu_usage,58.47
2026-03-21T14:00:00,request_latency_ms,187.90
2026-03-21T15:00:00,cpu_usage,55.85
2026-03-21T15:00:00,request_latency_ms,190.37
2026-03-21T16:00:00,cpu_usage,55.79
2026-03-21T16:00:00,request_latency_ms,181.41
2026-03-21T17:00:00,cpu_usage,55.69
2026-03-21T17:00:00,request_latency_ms,186.22
2026-03-21T18:00:00,cpu_usage,60.18
2026-03-21T18:00:00,request_latency_ms,193.22
2026-03-21T19:00:00,cpu_usage,60.25
2026-03-21T19:00:00,request_latency_ms,189.20
2026-03-21T20:00:00,cpu_usage,58.41
2026-03-21T20:00:00,request_latency_ms,192.87
2026-03-21T21:00:00,cpu_usage,55.70
2026-03-21T21:00:00,request_latency_ms,191.16
2026-03-21T22:00:00,cpu_usage,59.65
2026-03-21T22:00:00,request_latency_ms,180.66
2026-03-21T23:00:00,cpu_usage,57.26
2026-03-21T23:00:00,request_latency_ms,185.46
2026-03-22T00:00:00,cpu_usage,56.81
2026-03-22T00:00:00,request_latency_ms,195.32
2026-03-22T01:00:00,cpu_usage,62.39
2026-03-22T01:00:00,request_latency_ms,191.40
2026-03-22T02:00:00,cpu_usage,56.32
2026-03-22T02:00:00,request_latency_ms,192.00
2026-03-22T03:00:00,cpu_usage,60.37
2026-03-22T03:00:00,request_latency_ms,192.76
2026-03-22T04:00:00,cpu_usage,56.24
2026-03-22T04:00:00,request_latency_ms,189.08
2026-03-22T05:00:00,cpu_usage,62.19
2026-03-22T05:00:00,request_latency_ms,193.26
2026-03-22T06:00:00,cpu_usage,55.44
2026-03-22T06:00:00,request_latency_ms,195.45
2026-03-22T07:00:00,cpu_usage,60.66
2026-03-22T07:00:00,request_latency_ms,189.52
2026-03-22T08:00:00,cpu_usage,57.66
2026-03-22T08:00:00,request_latency_ms,190.87
2026-03-22T09:00:00,cpu_usage,60.71
2026-03-22T09:00:00,request_latency_ms,197.34
2026-03-22T10:00:00,cpu_usage,57.70
2026-03-22T10:00:00,request_latency_ms,186.73
2026-03-22T11:00:00,cpu_usage,59.68
2026-03-22T11:00:00,request_latency_ms,192.53
2026-03-22T12:00:00,cpu_usage,56.71
2026-03-22T12:00:00,request_latency_ms,192.39
2026-03-22T13:00:00,cpu_usage,60.91
2026-03-22T13:00:00,request_latency_ms,186.35
2026-03-22T14:00:00,cpu_usage,62.32
2026-03-22T14:00:00,request_latency_ms,194.80
2026-03-22T15:00:00,cpu_usage,55.78
2026-03-22T15:00:00,request_latency_ms,189.12
2026-03-22T16:00:00,cpu_usage,60.18
2026-03-22T16:00:00,request_latency_ms,195.36
2026-03-22T17:00:00,cpu_usage,56.32
2026-03-22T17:00:00,request_latency_ms,192.87
2026-03-22T18:00:00,cpu_usage,58.36
2026-03-22T18:00:00,request_latency_ms,180.35
2026-03-22T19:00:00,cpu_usage,57.00
2026-03-22T19:00:00,request_latency_ms,189.57
2026-03-22T20:00:00,cpu_usage,61.98
2026-03-22T20:00:00,request_latency_ms,192.06
2026-03-22T21:00:00,cpu_usage,60.67
2026-03-22T21:00:00,request_latency_ms,187.10
2026-03-22T22:00:00,cpu_usage,61.73
2026-03-22T22:00:00,request_latency_ms,187.32
2026-03-22T23:00:00,cpu_usage,61.64
2026-03-22T23:00:00,request_latency_ms,182.93
2026-03-23T00:00:00,cpu_usage,58.72
2026-03-23T00:00:00,request_latency_ms,182.87
2026-03-23T01:00:00,cpu_usage,55.57
2026-03-23T01:00:00,request_latency_ms,183.35
2026-03-23T02:00:00,cpu_usage,62.24
2026-03-23T02:00:00,request_latency_ms,195.11
2026-03-23T03:00:00,cpu_usage,62.87
2026-03-23T03:00:00,request_latency_ms,194.81
2026-03-23T04:00:00,cpu_usage,58.67
2026-03-23T04:00:00,request_latency_ms,198.55
2026-03-23T05:00:00,cpu_usage,56.25
2026-03-23T05:00:00,request_latency_ms,198.75
2026-03-23T06:00:00,cpu_usage,56.79
2026-03-23T06:00:00,request_latency_ms,192.68
2026-03-23T07:00:00,cpu_usage,60.61
2026-03-23T07:00:00,request_latency_ms,187.13
2026-03-23T08:00:00,cpu_usage,59.55
2026-03-23T08:00:00,request_latency_ms,181.38
2026-03-23T09:00:00,cpu_usage,59.36
2026-03-23T09:00:00,request_latency_ms,180.56
2026-03-23T10:00:00,cpu_usage,55.96
2026-03-23T10:00:00,request_latency_ms,192.16
2026-03-23T11:00:00,cpu_usage,61.06
2026-03-23T11:00:00,request_latency_ms,196.09
2026-03-23T12:00:00,cpu_usage,59.60
2026-03-23T12:00:00,request_latency_ms,183.55
2026-03-23T13:00:00,cpu_usage,58.51
2026-03-23T13:00:00,request_latency_ms,190.88
2026-03-23T14:00:00,cpu_usage,58.65
2026-03-23T14:00:00,request_latency_ms,184.62
2026-03-23T15:00:00,cpu_usage,58.81
2026-03-23T15:00:00,request_latency_ms,189.76
2026-03-23T16:00:00,cpu_usage,61.27
2026-03-23T16:00:00,request_latency_ms,187.55
2026-03-23T17:00:00,cpu_usage,61.71
2026-03-23T17:00:00,request_latency_ms,197.87
2026-03-23T18:00:00,cpu_usage,58.61
2026-03-23T18:00:00,request_latency_ms,197.13
2026-03-23T19:00:00,cpu_usage,60.53
2026-03-23T19:00:00,request_latency_ms,182.89
2026-03-23T20:00:00,cpu_usage,57.75
2026-03-23T20:00:00,request_latency_ms,199.85
2026-03-23T21:00:00,cpu_usage,55.64
2026-03-23T21:00:00,request_latency_ms,188.06
2026-03-23T22:00:00,cpu_usage,58.82
2026-03-23T22:00:00,request_latency_ms,197.73
2026-03-23T23:00:00,cpu_usage,58.30
2026-03-23T23:00:00,request_latency_ms,181.46
2026-03-24T00:00:00,cpu_usage,61.73
2026-03-24T00:00:00,request_latency_ms,195.71
2026-03-24T01:00:00,cpu_usage,59.52
2026-03-24T01:00:00,request_latency_ms,189.67
2026-03-24T02:00:00,cpu_usage,62.27
2026-03-24T02:00:00,request_latency_ms,199.00
2026-03-24T03:00:00,cpu_usage,59.67
2026-03-24T03:00:00,request_latency_ms,198.84
2026-03-24T04:00:00,cpu_usage,58.92
2026-03-24T04:00:00,request_latency_ms,199.51
2026-03-24T05:00:00,cpu_usage,57.36
2026-03-24T05:00:00,request_latency_ms,184.21
2026-03-24T06:00:00,cpu_usage,61.68
2026-03-24T06:00:00,request_latency_ms,187.89
2026-03-24T07:00:00,cpu_usage,56.08
2026-03-24T07:00:00,request_latency_ms,190.90
2026-03-24T08:00:00,cpu_usage,55.08
2026-03-24T08:00:00,request_latency_ms,199.00
2026-03-24T09:00:00,cpu_usage,61.03
2026-03-24T09:00:00,request_latency_ms,190.32
2026-03-24T10:00:00,cpu_usage,57.17
2026-03-24T10:00:00,request_latency_ms,199.31
2026-03-24T11:00:00,cpu_usage,61.17
2026-03-24T11:00:00,request_latency_ms,185.57
2026-03-24T12:00:00,cpu_usage,55.55
2026-03-24T12:00:00,request_latency_ms,184.48
2026-03-24T13:00:00,cpu_usage,55.83
2026-03-24T13:00:00,request_latency_ms,195.16
2026-03-24T14:00:00,cpu_usage,60.29
2026-03-24T14:00:00,request_latency_ms,185.03
2026-03-24T15:00:00,cpu_usage,61.41
2026-03-24T15:00:00,request_latency_ms,186.55
2026-03-24T16:00:00,cpu_usage,60.82
2026-03-24T16:00:00,request_latency_ms,187.06
2026-03-24T17:00:00,cpu_usage,61.33
2026-03-24T17:00:00,request_latency_ms,181.93
2026-03-24T18:00:00,cpu_usage,57.92
2026-03-24T18:00:00,request_latency_ms,197.00
2026-03-24T19:00:00,cpu_usage,61.66
2026-03-24T19:00:00,request_latency_ms,192.48
2026-03-24T20:00:00,cpu_usage,62.25
2026-03-24T20:00:00,request_latency_ms,188.07
2026-03-24T21:00:00,cpu_usage,59.26
2026-03-24T21:00:00,request_latency_ms,199.02
2026-03-24T22:00:00,cpu_usage,60.95
2026-03-24T22:00:00,request_latency_ms,186.33
2026-03-24T23:00:00,cpu_usage,58.15
2026-03-24T23:00:00,request_latency_ms,185.97
2026-03-25T00:00:00,cpu_usage,56.87
2026-03-25T00:00:00,request_latency_ms,180.85
2026-03-25T01:00:00,cpu_usage,55.30
2026-03-25T01:00:00,request_latency_ms,195.27
2026-03-25T02:00:00,cpu_usage,58.58
2026-03-25T02:00:00,request_latency_ms,195.06
2026-03-25T03:00:00,cpu_usage,62.51
2026-03-25T03:00:00,request_latency_ms,186.81
2026-03-25T04:00:00,cpu_usage,60.28
2026-03-25T04:00:00,request_latency_ms,197.50
2026-03-25T05:00:00,cpu_usage,60.52
2026-03-25T05:00:00,request_latency_ms,197.74
2026-03-25T06:00:00,cpu_usage,55.30
2026-03-25T06:00:00,request_latency_ms,185.24
2026-03-25T07:00:00,cpu_usage,56.99
2026-03-25T07:00:00,request_latency_ms,191.98
2026-03-25T08:00:00,cpu_usage,71.93
2026-03-25T08:00:00,request_latency_ms,187.45
2026-03-25T09:00:00,cpu_usage,58.61
2026-03-25T09:00:00,request_latency_ms,192.87
2026-03-25T10:00:00,cpu_usage,61.14
2026-03-25T10:00:00,request_latency_ms,188.50
2026-03-25T11:00:00,cpu_usage,60.70
2026-03-25T11:00:00,request_latency_ms,184.16
2026-03-25T12:00:00,cpu_usage,60.15
2026-03-25T12:00:00,request_latency_ms,183.46
2026-03-25T13:00:00,cpu_usage,55.31
2026-03-25T13:00:00,request_latency_ms,188.47
2026-03-25T14:00:00,cpu_usage,57.88
2026-03-25T14:00:00,request_latency_ms,197.83
2026-03-25T15:00:00,cpu_usage,61.42
2026-03-25T15:00:00,request_latency_ms,189.83
2026-03-25T16:00:00,cpu_usage,58.62
2026-03-25T16:00:00,request_latency_ms,197.24
2026-03-25T17:00:00,cpu_usage,62.26
2026-03-25T17:00:00,request_latency_ms,192.07
2026-03-25T18:00:00,cpu_usage,56.18
2026-03-25T18:00:00,request_latency_ms,186.74
2026-03-25T19:00:00,cpu_usage,55.04
2026-03-25T19:00:00,request_latency_ms,199.75
2026-03-25T20:00:00,cpu_usage,55.45
2026-03-25T20:00:00,request_latency_ms,185.94
2026-03-25T21:00:00,cpu_usage,60.40
2026-03-25T21:00:00,request_latency_ms,182.76
2026-03-25T22:00:00,cpu_usage,58.91
2026-03-25T22:00:00,request_latency_ms,192.37
2026-03-25T23:00:00,cpu_usage,56.87
2026-03-25T23:00:00,request_latency_ms,182.62
2026-03-26T00:00:00,cpu_usage,61.93
2026-03-26T00:00:00,request_latency_ms,185.49
2026-03-26T01:00:00,cpu_usage,61.75
2026-03-26T01:00:00,request_latency_ms,193.29
2026-03-26T02:00:00,cpu_usage,59.36
2026-03-26T02:00:00,request_latency_ms,185.37
2026-03-26T03:00:00,cpu_usage,55.54
2026-03-26T03:00:00,request_latency_ms,188.71
2026-03-26T04:00:00,cpu_usage,58.87
2026-03-26T04:00:00,request_latency_ms,187.80
2026-03-26T05:00:00,cpu_usage,60.68
2026-03-26T05:00:00,request_latency_ms,187.92
2026-03-26T06:00:00,cpu_usage,56.91
2026-03-26T06:00:00,request_latency_ms,186.59
2026-03-26T07:00:00,cpu_usage,61.82
2026-03-26T07:00:00,request_latency_ms,181.67
2026-03-26T08:00:00,cpu_usage,59.02
2026-03-26T08:00:00,request_latency_ms,182.96
2026-03-26T09:00:00,cpu_usage,61.66
2026-03-26T09:00:00,request_latency_ms,184.62
2026-03-26T10:00:00,cpu_usage,59.60
2026-03-26T10:00:00,request_latency_ms,193.20
2026-03-26T11:00:00,cpu_usage,56.10
2026-03-26T11:00:00,request_latency_ms,193.16
2026-03-26T12:00:00,cpu_usage,61.17
2026-03-26T12:00:00,request_latency_ms,190.21
2026-03-26T13:00:00,cpu_usage,56.96
2026-03-26T13:00:00,request_latency_ms,187.36
2026-03-26T14:00:00,cpu_usage,60.49
2026-03-26T14:00:00,request_latency_ms,185.68
2026-03-26T15:00:00,cpu_usage,56.93
2026-03-26T15:00:00,request_latency_ms,191.42
2026-03-26T16:00:00,cpu_usage,59.35
2026-03-26T16:00:00,request_latency_ms,195.97
2026-03-26T17:00:00,cpu_usage,59.03
2026-03-26T17:00:00,request_latency_ms,194.30
2026-03-26T18:00:00,cpu_usage,58.11
2026-03-26T18:00:00,request_latency_ms,183.12
2026-03-26T19:00:00,cpu_usage,60.65
2026-03-26T19:00:00,request_latency_ms,195.54
2026-03-26T20:00:00,cpu_usage,55.51
2026-03-26T20:00:00,request_latency_ms,193.64
2026-03-26T21:00:00,cpu_usage,62.52
2026-03-26T21:00:00,request_latency_ms,194.84
2026-03-26T22:00:00,cpu_usage,59.01
2026-03-26T22:00:00,request_latency_ms,188.75
2026-03-26T23:00:00,cpu_usage,55.38
2026-03-26T23:00:00,request_latency_ms,188.30
2026-03-27T00:00:00,cpu_usage,60.27
2026-03-27T00:00:00,request_latency_ms,192.54
2026-03-27T01:00:00,cpu_usage,56.71
2026-03-27T01:00:00,request_latency_ms,192.05
2026-03-27T02:00:00,cpu_usage,62.40
2026-03-27T02:00:00,request_latency_ms,195.63
2026-03-27T03:00:00,cpu_usage,58.07
2026-03-27T03:00:00,request_latency_ms,183.07
2026-03-27T04:00:00,cpu_usage,56.00
2026-03-27T04:00:00,request_latency_ms,194.75
2026-03-27T05:00:00,cpu_usage,55.62
2026-03-27T05:00:00,request_latency_ms,199.26
2026-03-27T06:00:00,cpu_usage,61.60
2026-03-27T06:00:00,request_latency_ms,189.76
2026-03-27T07:00:00,cpu_usage,56.99
2026-03-27T07:00:00,request_latency_ms,186.95
2026-03-27T08:00:00,cpu_usage,56.47
2026-03-27T08:00:00,request_latency_ms,186.45
2026-03-27T09:00:00,cpu_usage,56.82
2026-03-27T09:00:00,request_latency_ms,198.22
2026-03-27T10:00:00,cpu_usage,56.77
2026-03-27T10:00:00,request_latency_ms,187.42
2026-03-27T11:00:00,cpu_usage,56.85
2026-03-27T11:00:00,request_latency_ms,199.80
2026-03-27T12:00:00,cpu_usage,62.76
2026-03-27T12:00:00,request_latency_ms,191.03
2026-03-27T13:00:00,cpu_usage,61.43
2026-03-27T13:00:00,request_latency_ms,192.59
2026-03-27T14:00:00,cpu_usage,56.82
2026-03-27T14:00:00,request_latency_ms,199.32
2026-03-27T15:00:00,cpu_usage,58.75
2026-03-27T15:00:00,request_latency_ms,196.53
2026-03-27T16:00:00,cpu_usage,55.22
2026-03-27T16:00:00,request_latency_ms,181.06
2026-03-27T17:00:00,cpu_usage,61.20
2026-03-27T17:00:00,request_latency_ms,197.54
2026-03-27T18:00:00,cpu_usage,59.99
2026-03-27T18:00:00,request_latency_ms,191.31
2026-03-27T19:00:00,cpu_usage,55.02
2026-03-27T19:00:00,request_latency_ms,197.29
2026-03-27T20:00:00,cpu_usage,62.49
2026-03-27T20:00:00,request_latency_ms,198.54
2026-03-27T21:00:00,cpu_usage,55.11
2026-03-27T21:00:00,request_latency_ms,184.00
2026-03-27T22:00:00,cpu_usage,60.23
2026-03-27T22:00:00,request_latency_ms,185.75
2026-03-27T23:00:00,cpu_usage,57.70
2026-03-27T23:00:00,request_latency_ms,193.84
2026-03-28T00:00:00,cpu_usage,59.64
2026-03-28T00:00:00,request_latency_ms,192.68
2026-03-28T01:00:00,cpu_usage,56.76
2026-03-28T01:00:00,request_latency_ms,192.64
2026-03-28T02:00:00,cpu_usage,55.04
2026-03-28T02:00:00,request_latency_ms,181.47
2026-03-28T03:00:00,cpu_usage,61.42
2026-03-28T03:00:00,request_latency_ms,181.28
2026-03-28T04:00:00,cpu_usage,62.52
2026-03-28T04:00:00,request_latency_ms,189.58
2026-03-28T05:00:00,cpu_usage,61.30
2026-03-28T05:00:00,request_latency_ms,195.99
2026-03-28T06:00:00,cpu_usage,61.60
2026-03-28T06:00:00,request_latency_ms,192.55
2026-03-28T07:00:00,cpu_usage,58.15
2026-03-28T07:00:00,request_latency_ms,181.07
2026-03-28T08:00:00,cpu_usage,55.98
2026-03-28T08:00:00,request_latency_ms,190.07
2026-03-28T09:00:00,cpu_usage,59.16
2026-03-28T09:00:00,request_latency_ms,198.16
2026-03-28T10:00:00,cpu_usage,56.41
2026-03-28T10:00:00,request_latency_ms,187.96
2026-03-28T11:00:00,cpu_usage,59.65
2026-03-28T11:00:00,request_latency_ms,197.37
2026-03-28T12:00:00,cpu_usage,58.14
2026-03-28T12:00:00,request_latency_ms,188.94
2026-03-28T13:00:00,cpu_usage,55.52
2026-03-28T13:00:00,request_latency_ms,184.26
2026-03-28T14:00:00,cpu_usage,62.08
2026-03-28T14:00:00,request_latency_ms,188.30
2026-03-28T15:00:00,cpu_usage,61.41
2026-03-28T15:00:00,request_latency_ms,183.29
2026-03-28T16:00:00,cpu_usage,61.21
2026-03-28T16:00:00,request_latency_ms,180.16
2026-03-28T17:00:00,cpu_usage,62.70
2026-03-28T17:00:00,request_latency_ms,187.25
2026-03-28T18:00:00,cpu_usage,60.66
2026-03-28T18:00:00,request_latency_ms,191.64
2026-03-28T19:00:00,cpu_usage,57.56
2026-03-28T19:00:00,request_latency_ms,199.30
2026-03-28T20:00:00,cpu_usage,57.37
2026-03-28T20:00:00,request_latency_ms,189.23
2026-03-28T21:00:00,cpu_usage,62.76
2026-03-28T21:00:00,request_latency_ms,188.56
2026-03-28T22:00:00,cpu_usage,59.31
2026-03-28T22:00:00,request_latency_ms,193.84
2026-03-28T23:00:00,cpu_usage,59.42
2026-03-28T23:00:00,request_latency_ms,196.66
2026-03-29T00:00:00,cpu_usage,61.36
2026-03-29T00:00:00,request_latency_ms,180.29
2026-03-29T01:00:00,cpu_usage,56.30
2026-03-29T01:00:00,request_latency_ms,184.35
2026-03-29T02:00:00,cpu_usage,60.49
2026-03-29T02:00:00,request_latency_ms,184.34
2026-03-29T03:00:00,cpu_usage,60.20
2026-03-29T03:00:00,request_latency_ms,191.37
2026-03-29T04:00:00,cpu_usage,60.79
2026-03-29T04:00:00,request_latency_ms,191.39
2026-03-29T05:00:00,cpu_usage,58.93
2026-03-29T05:00:00,request_latency_ms,184.99
2026-03-29T06:00:00,cpu_usage,61.81
2026-03-29T06:00:00,request_latency_ms,196.03
2026-03-29T07:00:00,cpu_usage,59.97
2026-03-29T07:00:00,request_latency_ms,189.03
2026-03-29T08:00:00,cpu_usage,60.40
2026-03-29T08:00:00,request_latency_ms,183.75
2026-03-29T09:00:00,cpu_usage,59.17
2026-03-29T09:00:00,request_latency_ms,186.88
2026-03-29T10:00:00,cpu_usage,62.03
2026-03-29T10:00:00,request_latency_ms,184.49
2026-03-29T11:00:00,cpu_usage,56.84
2026-03-29T11:00:00,request_latency_ms,187.03
2026-03-29T12:00:00,cpu_usage,56.58
2026-03-29T12:00:00,request_latency_ms,267.24
2026-03-29T13:00:00,cpu_usage,60.83
2026-03-29T13:00:00,request_latency_ms,197.73
2026-03-29T14:00:00,cpu_usage,58.71
2026-03-29T14:00:00,request_latency_ms,194.52
2026-03-29T15:00:00,cpu_usage,59.17
2026-03-29T15:00:00,request_latency_ms,188.37
2026-03-29T16:00:00,cpu_usage,55.05
2026-03-29T16:00:00,request_latency_ms,199.65
2026-03-29T17:00:00,cpu_usage,58.95
2026-03-29T17:00:00,request_latency_ms,193.68
2026-03-29T18:00:00,cpu_usage,61.01
2026-03-29T18:00:00,request_latency_ms,185.23
2026-03-29T19:00:00,cpu_usage,62.16
2026-03-29T19:00:00,request_latency_ms,186.20
2026-03-29T20:00:00,cpu_usage,55.79
2026-03-29T20:00:00,request_latency_ms,195.93
2026-03-29T21:00:00,cpu_usage,57.81
2026-03-29T21:00:00,request_latency_ms,198.50
2026-03-29T22:00:00,cpu_usage,58.88
2026-03-29T22:00:00,request_latency_ms,199.20
2026-03-29T23:00:00,cpu_usage,62.12
2026-03-29T23:00:00,request_latency_ms,181.34
2026-03-30T00:00:00,cpu_usage,60.80
2026-03-30T00:00:00,request_latency_ms,188.81
2026-03-30T01:00:00,cpu_usage,55.53
2026-03-30T01:00:00,request_latency_ms,194.08
2026-03-30T02:00:00,cpu_usage,55.95
2026-03-30T02:00:00,request_latency_ms,187.62
2026-03-30T03:00:00,cpu_usage,56.91
2026-03-30T03:00:00,request_latency_ms,186.32
2026-03-30T04:00:00,cpu_usage,62.10
2026-03-30T04:00:00,request_latency_ms,196.29
2026-03-30T05:00:00,cpu_usage,62.96
2026-03-30T05:00:00,request_latency_ms,189.42
2026-03-30T06:00:00,cpu_usage,57.28
2026-03-30T06:00:00,request_latency_ms,199.71
2026-03-30T07:00:00,cpu_usage,59.84
2026-03-30T07:00:00,request_latency_ms,198.05
2026-03-30T08:00:00,cpu_usage,55.41
2026-03-30T08:00:00,request_latency_ms,190.18
2026-03-30T09:00:00,cpu_usage,59.64
2026-03-30T09:00:00,request_latency_ms,196.02
2026-03-30T10:00:00,cpu_usage,58.58
2026-03-30T10:00:00,request_latency_ms,196.11
2026-03-30T11:00:00,cpu_usage,62.52
2026-03-30T11:00:00,request_latency_ms,198.17
2026-03-30T12:00:00,cpu_usage,55.78
2026-03-30T12:00:00,request_latency_ms,187.76
2026-03-30T13:00:00,cpu_usage,58.02
2026-03-30T13:00:00,request_latency_ms,198.30
2026-03-30T14:00:00,cpu_usage,61.43
2026-03-30T14:00:00,request_latency_ms,193.24
2026-03-30T15:00:00,cpu_usage,58.54
2026-03-30T15:00:00,request_latency_ms,192.70
2026-03-30T16:00:00,cpu_usage,62.67
2026-03-30T16:00:00,request_latency_ms,181.32
2026-03-30T17:00:00,cpu_usage,60.42
2026-03-30T17:00:00,request_latency_ms,197.17
2026-03-30T18:00:00,cpu_usage,58.70
2026-03-30T18:00:00,request_latency_ms,192.35
2026-03-30T19:00:00,cpu_usage,56.17
2026-03-30T19:00:00,request_latency_ms,192.33
2026-03-30T20:00:00,cpu_usage,58.04
2026-03-30T20:00:00,request_latency_ms,194.38
2026-03-30T21:00:00,cpu_usage,59.73
2026-03-30T21:00:00,request_latency_ms,197.57
2026-03-30T22:00:00,cpu_usage,58.64
2026-03-30T22:00:00,request_latency_ms,181.00
2026-03-30T23:00:00,cpu_usage,55.03
2026-03-30T23:00:00,request_latency_ms,191.89
2026-03-31T00:00:00,cpu_usage,55.45
2026-03-31T00:00:00,request_latency_ms,189.83
2026-03-31T01:00:00,cpu_usage,58.07
2026-03-31T01:00:00,request_latency_ms,193.45
2026-03-31T02:00:00,cpu_usage,56.53
2026-03-31T02:00:00,request_latency_ms,199.35
2026-03-31T03:00:00,cpu_usage,58.86
2026-03-31T03:00:00,request_latency_ms,199.06
2026-03-31T04:00:00,cpu_usage,60.29
2026-03-31T04:00:00,request_latency_ms,185.19
2026-03-31T05:00:00,cpu_usage,62.10
2026-03-31T05:00:00,request_latency_ms,199.91
2026-03-31T06:00:00,cpu_usage,55.89
2026-03-31T06:00:00,request_latency_ms,195.64
2026-03-31T07:00:00,cpu_usage,60.66
2026-03-31T07:00:00,request_latency_ms,194.59
2026-03-31T08:00:00,cpu_usage,58.93
2026-03-31T08:00:00,request_latency_ms,189.60
2026-03-31T09:00:00,cpu_usage,62.85
2026-03-31T09:00:00,request_latency_ms,190.73
2026-03-31T10:00:00,cpu_usage,55.21
2026-03-31T10:00:00,request_latency_ms,194.98
2026-03-31T11:00:00,cpu_usage,57.70
2026-03-31T11:00:00,request_latency_ms,185.91
2026-03-31T12:00:00,cpu_usage,59.09
2026-03-31T12:00:00,request_latency_ms,192.55
2026-03-31T13:00:00,cpu_usage,59.60
2026-03-31T13:00:00,request_latency_ms,187.53
2026-03-31T14:00:00,cpu_usage,60.58
2026-03-31T14:00:00,request_latency_ms,197.08
2026-03-31T15:00:00,cpu_usage,56.03
2026-03-31T15:00:00,request_latency_ms,185.81
2026-03-31T16:00:00,cpu_usage,59.02
2026-03-31T16:00:00,request_latency_ms,192.65
2026-03-31T17:00:00,cpu_usage,57.37
2026-03-31T17:00:00,request_latency_ms,184.20
2026-03-31T18:00:00,cpu_usage,62.89
2026-03-31T18:00:00,request_latency_ms,190.13
2026-03-31T19:00:00,cpu_usage,58.99
2026-03-31T19:00:00,request_latency_ms,180.43
2026-03-31T20:00:00,cpu_usage,58.23
2026-03-31T20:00:00,request_latency_ms,186.92
2026-03-31T21:00:00,cpu_usage,58.95
2026-03-31T21:00:00,request_latency_ms,189.36
2026-03-31T22:00:00,cpu_usage,62.96
2026-03-31T22:00:00,request_latency_ms,186.33
2026-03-31T23:00:00,cpu_usage,57.93
2026-03-31T23:00:00,request_latency_ms,181.28